顧問,平台,狀態,發布時間,類型,職缺／話題,標題,網址,瀏覽,按讚,留言,點擊,加LINE,有效詢問,私訊接觸,合格人選,送件,自然留言,助攻留言,有放連結,寫作公式,字數,queue_id
未指定,,已排入待產稿,2026-09-08 13:22,職缺,unspecified,尚未指定職缺（電洽新增但暫無適合職缺）,,,,,0,0,,,,,,,否,,,235
未指定,,已排入待產稿,2026-09-08 13:22,職缺,headhunter-consultant,獵頭顧問（Recruitment Consultant）,,,,,0,0,,,,,,,否,,,234
未指定,,已排入待產稿,2026-09-08 13:21,職缺,payment-cs-night-zhonghe,金流客服,,,,,0,0,,,,,,,否,,,233
未指定,,已排入待產稿,2026-09-08 13:21,職缺,ops-support-engineer-fintech,維運工程師,,,,,0,0,,,,,,,否,,,232
未指定,,已排入待產稿,2026-09-08 13:21,職缺,mobile-game-cs-neihu,遊戲客服（早班／中班）,,,,,0,0,,,,,,,否,,,231
未指定,,已排入待產稿,2026-09-08 13:21,職缺,game-phone-cs-zhonghe,遊戲客服專員（電話／文字客服）,,,,,0,0,,,,,,,否,,,230
未指定,,已排入待產稿,2026-09-08 13:21,職缺,frontend-engineer-game,前端開發工程師,,,,,0,0,,,,,,,否,,,229
未指定,,已排入待產稿,2026-09-08 13:21,職缺,fnb-brand-cs-zhonghe,餐飲品牌客服（電話與線上客服）,,,,,0,0,,,,,,,否,,,228
未指定,,已排入待產稿,2026-09-08 13:21,職缺,finance-controller-overseas,財務主管 Finance Controller,,,,,0,0,,,,,,,否,,,227
未指定,,草稿待確認,2026-09-08 13:21,職缺,business-operations-manager,營運發展主管 Business Operations Manager,,,,,0,0,,,,,,,否,default,long,226
法蘭克,Threads,已發布,2026-09-08 12:24,職缺,pending-co_802bdd6b-8bd0eb29,培訓半導體專案工程師,https://www.threads.com/@franklee1369_/post/DdA0jRIjU5n,,,,0,0,,,,,,,否,dialog,short,225
Dan H,Threads,已發布,2026-09-08 12:24,職缺,pending-co_802bdd6b-3b807a75,,https://www.threads.com/@danh.headhunter/post/DdA0deLCrtK,,,,0,0,,,,,,,否,pure,long,224
Anna,Threads,已發布,2026-09-08 12:23,職缺,hakuba-resort-property-manager,日本白馬渡假村物業經理／資產營運經理,https://www.threads.com/@step1ne_anna/post/DdA0bKGCnlY,,,,0,0,,,,,,,否,dialog,short,223
Bob,Threads,已發布,2026-09-08 12:07,職缺,bim-engineer-tongluo,BIM 工程師,https://www.threads.com/@bobchang_share/post/DdAyi1NiFcW,294,0,0,0,0,,,,,,,否,dialog,short,222
Anna,Threads,已發布,2026-09-08 12:04,職缺,hakuba-resort-property-manager,日本白馬渡假村物業經理／資產營運經理,https://www.threads.com/@step1ne_anna/post/DdAyLQZF0Eq,10,0,1,0,0,,,,,,,否,default,medium,204
Phoebe,Threads,已發布,2026-09-08 11:59,話題,💬 104人資FBI報告：企業平均花44.9天才找到一人，新人卻只有62.2%撐過半年，招募三大難題浮上檯面,,https://www.threads.com/@step1ne.phoebe/post/DdAxrUdCG-h,5,0,1,0,0,,,,,,,是,,short,219
EYLISE,Threads,已發布,2026-09-08 11:59,職缺,japan-project-finance-taipei,日本項目財務會計（Finance & Accounting／Project Controller）,https://www.threads.com/@step1ne.jobs/post/DdAxmbeiMTh,118,1,1,0,0,,,,,,,否,pure,long,221
Jacky,Threads,已發布,2026-09-08 11:58,職缺,pending-co_802bdd6b-3b807a75,,https://www.threads.com/@step1ne_jacky/post/DdAxh1ajHxT,184,0,2,0,0,,,,,,,否,pure,medium,220
DR,Threads,已發布,2026-09-08 11:45,職缺,pending-co_802bdd6b-dd0123c6,資深工程設計工程師,https://www.threads.com/@step1ne_tw/post/DdAwCR8iECp,26,1,1,0,0,,,,,,,是,pure,medium,218
DR,Threads,已發布,2026-09-08 00:45,職缺,bim-engineer-tongluo,BIM 工程師,https://www.threads.com/@step1ne_tw/post/Dc_i_TMCNO1,601,1,2,5,0,,,,,,,否,default,long,208
宥恩,Threads,已發布,2026-09-08 00:34,職缺,pending-co_802bdd6b-9ffc1f8d,資深半導體專案工程師,https://www.threads.com/@ann25817/post/Dc_jSgDDc2E,429,3,5,0,0,,,,,,,否,pure,long,216
法蘭克,Threads,已發布,2026-09-08 00:34,職缺,pending-co_802bdd6b-106ca482,培訓工程設計工程師,https://www.threads.com/@franklee1369_/post/Dc_jQ-QDRhP,1222,8,0,0,0,,,,,,,否,dialog,short,215
Dan H,Threads,已發布,2026-09-08 00:33,職缺,bim-engineer-tongluo,BIM 工程師,https://www.threads.com/@danh.headhunter/post/Dc_jNc3DUOB,243,0,1,0,0,,,,,,,否,pure,long,214
Bob,Threads,已發布,2026-09-08 00:33,職缺,pending-co_802bdd6b-3b807a75,,https://www.threads.com/@bobchang_share/post/Dc_jKSWjZtV,36,0,1,0,0,,,,,,,否,pure,medium,212
EYLISE,Threads,已發布,2026-09-08 00:33,職缺,vip-hospitality-attendant,VIP貴賓接待服務員,https://www.threads.com/@step1ne.jobs/post/Dc_jHGCjKlj,421,2,3,0,0,,,,,,,否,pure,long,211
Jacky,LinkedIn,已發布,2026-09-08 00:32,職缺,japan-project-finance-taipei,日本項目財務會計（Finance & Accounting／Project Controller）,https://www.linkedin.com/feed/update/urn:li:share:7502765782867525632,,,,3,1,,,,,,,否,dialog,short,210
Anna,,標記不發,2026-09-07 21:29,話題,💬 我讓AI幫我做第一輪面試。上禮拜它刷掉一個我本來覺得會過的人，理由是……,,,,,,0,0,,,,,,,否,,short,213
Phoebe,Threads,已發布,2026-09-07 21:25,職缺,pending-co_802bdd6b-106ca482,培訓工程設計工程師,https://www.threads.com/share/BBZi4yr43Z/,,,,0,0,,,,,,,否,,,209
宥恩,Threads,已發布,2026-09-07 15:53,職缺,pending-co_802bdd6b-3b807a75,,https://www.threads.com/@ann25817/post/Dc-np4MDRX_,348,2,5,0,0,,,,,,,否,dialog,short,207
法蘭克,Threads,已發布,2026-09-07 15:53,職缺,pending-co_802bdd6b-3b807a75,,https://www.threads.com/@franklee1369_/post/Dc-noIwjr9H,9313,122,12,0,0,,,,,,,否,dialog,short,206
Phoebe,Threads,已發布,2026-09-07 15:50,職缺,pending-co_802bdd6b-106ca482,培訓工程設計工程師,https://www.threads.com/@step1ne.phoebe/post/Dc-gkwTknDg,68,1,1,0,0,,,,,,,否,default,long,197
Dan H,Threads,已發布,2026-09-07 15:47,職缺,pending-co_802bdd6b-106ca482,培訓工程設計工程師,https://www.threads.com/@danh.headhunter/post/Dc-m83XikF6,33,0,1,0,0,,,,,,,否,pure,medium,205
Bob,Threads,已發布,2026-09-07 15:44,職缺,pending-co_802bdd6b-8bd0eb29,培訓半導體專案工程師,https://www.threads.com/@bobchang_share/post/Dc-mpgCHJKi,562,2,1,0,0,,,,,,,否,default,medium,203
EYLISE,Threads,已發布,2026-09-07 15:44,職缺,bim-engineer-tongluo,BIM 工程師,https://www.threads.com/@step1ne.jobs/post/Dc-mlQXnOdu,662,2,1,0,0,,,,,,,否,default,long,202
EYLISE,Threads,已發布,2026-09-07 15:31,職缺,pending-co_802bdd6b-3b807a75,,https://www.threads.com/@step1ne.jobs/post/Dc-lDMgCucC,1023,7,7,0,0,,,,,,,否,pure,medium,201
Jacky,Threads,已發布,2026-09-07 15:26,職缺,pending-co_802bdd6b-106ca482,培訓工程設計工程師,https://www.threads.com/@step1ne_jacky/post/Dc-kh3GiIg2,412,3,3,0,0,,,,,,,否,pure,medium,200
Phoebe,,草稿待確認,2026-09-07 15:06,職缺,pending-co_802bdd6b-106ca482,培訓工程設計工程師,,,,,0,0,,,,,,,否,pure,medium,199
Phoebe,,草稿待確認,2026-09-07 11:44,職缺,pending-co_802bdd6b-106ca482,培訓工程設計工程師,,,,,0,0,,,,,,,否,pure,short,198
DR,,草稿待確認,2026-09-07 11:43,職缺,pending-co_802bdd6b-3b807a75,,,,,,0,0,,,,,,,否,default,long,196
Anna,Threads,已發布,2026-09-04 17:07,職缺,japan-project-finance-taipei,日本項目財務會計（Finance & Accounting／Project Controller）,https://www.threads.com/@step1ne_anna/post/Dc3BuhODVfn,50,0,0,0,0,,,,,,,否,dialog,short,188
宥恩,Threads,已發布,2026-09-04 13:03,職缺,pending-co_802bdd6b-9ffc1f8d,資深半導體專案工程師,https://www.threads.com/@ann25817/post/Dc2l2YCiEYd,292,0,0,0,0,,,,,,,否,dialog,short,191
法蘭克,Threads,已發布,2026-09-04 13:03,職缺,pending-co_802bdd6b-106ca482,培訓工程設計工程師,https://www.threads.com/@franklee1369_/post/Dc2ly15CAfo,433,0,2,0,0,,,,,,,否,dialog,short,190
Dan H,Threads,已發布,2026-09-04 13:02,職缺,pending-co_802bdd6b-8bd0eb29,培訓半導體專案工程師,https://www.threads.com/@danh.headhunter/post/Dc2lwXjCEtq,249,0,0,0,0,,,,,,,否,pure,short,189
DR,Threads,已發布,2026-09-04 13:00,職缺,pending-co_802bdd6b-9ffc1f8d,資深半導體專案工程師,https://www.threads.com/@step1ne_tw/post/Dc2jn_FCtBj,1208,5,2,0,0,,,,,,,否,default,long,183
Bob,Threads,已發布,2026-09-04 13:00,職缺,bim-engineer-tongluo,BIM 工程師,https://www.threads.com/@bobchang_share/post/Dc2lfkbjNaU,1944,8,8,0,0,,,,,,,否,dialog,short,187
EYLISE,Threads,已發布,2026-09-04 13:00,職缺,pending-co_802bdd6b-64500461,培訓職業安全衛生工程師,https://www.threads.com/@step1ne.jobs/post/Dc2lbYfiM3t,311,1,1,0,0,,,,,,,否,default,long,186
Jacky,LinkedIn,已發布,2026-09-04 12:47,職缺,pending-co_802bdd6b-106ca482,培訓工程設計工程師,https://www.linkedin.com/feed/update/urn:li:share:7501501090056740864,,,,1,0,,,,,,,否,default,medium,185
Phoebe,Threads,已發布,2026-09-04 12:47,職缺,bim-engineer-tongluo,BIM 工程師,https://www.threads.com/@step1ne.phoebe/post/Dc2j5gUDeMC,88,2,4,0,0,,,,,,,否,default,long,184
Bob,Threads,已發布,2026-09-03 23:14,職缺,clinic-nurse-neihu,復健科診所護理師,https://www.threads.com/@bobchang_share/post/Dc1G801jppT,701,3,0,0,0,,,,,,,否,default,medium,177
法蘭克,Threads,已發布,2026-09-03 23:14,職缺,pending-co_802bdd6b-106ca482,培訓工程設計工程師,https://www.threads.com/@franklee1369_/post/Dc1G2a1Dq92,1348,1,2,0,0,,,,,,,否,default,long,178
宥恩,Threads,已發布,2026-09-03 23:13,職缺,pending-co_802bdd6b-dd0123c6,資深工程設計工程師,https://www.threads.com/@ann25817/post/Dc1Gys5DmRM,431,1,1,0,0,,,,,,,否,default,medium,179
Jacky,Threads,已發布,2026-09-03 23:12,職缺,bim-engineer-tongluo,BIM 工程師,https://www.threads.com/@step1ne_jacky/post/Dc1GvQyDi7x,415,0,1,0,0,,,,,,,否,default,long,180
EYLISE,Threads,已發布,2026-09-03 23:12,職缺,pending-co_802bdd6b-9868182d,,https://www.threads.com/@step1ne.jobs/post/Dc1Gradjbkt,591,2,3,0,0,,,,,,,否,default,medium,147
Phoebe,Threads,已發布,2026-09-03 21:09,話題,💬 遠端職缺,,https://www.threads.com/@step1ne.phoebe/post/Dc04kOwEuTH,39,0,2,0,0,,,,,,,否,,,181
Jacky,Threads,已發布,2026-09-03 21:03,職缺,pending-co_802bdd6b-8bd0eb29,培訓半導體專案工程師,https://www.threads.com/@step1ne_jacky/post/Dc037cTiL9d,489,2,1,0,0,,,,,,,否,default,long,176
Anna,Threads,已發布,2026-09-03 20:40,職缺,executive-assistant-japan-taiwan,主管特助（日本長野白馬渡假勝地・常駐）,https://www.threads.com/@step1ne_anna/post/Dc0zO-gE2O0,139,1,4,0,0,,,,,,,否,,,175
DR,Threads,已發布,2026-09-03 19:15,職缺,pending-co_802bdd6b-8bd0eb29,培訓半導體專案工程師,https://www.threads.com/@step1ne_tw/post/Dc0qTjzCNZP,396,2,2,3,0,,,,,,,否,default,long,158
DR,Threads,已發布,2026-09-03 14:32,職缺,clinic-nurse-neihu,復健科診所護理師,https://www.threads.com/@step1ne_tw/post/Dc0LJI3iLST,926,3,2,4,0,,,,,,,否,default,medium,136
DR,Threads,已發布,2026-09-03 13:16,職缺,bim-engineer-tongluo,BIM 工程師,https://www.threads.com/@step1ne_tw/post/Dcz4X8pD325,311,0,1,1,0,,,,,,,否,,,155
Phoebe,Threads,已發布,2026-09-03 12:44,話題,💬 職場面試,,https://www.threads.com/@step1ne.phoebe/post/Dcz768QkjNU,56,1,0,0,0,,,,,,,否,,,154
EYLISE,LinkedIn,已發布,2026-09-03 12:13,職缺,pending-co_802bdd6b-9868182d,,https://www.linkedin.com/feed/update/urn:li:share:7501130327847911424,,,,1,0,,,,,,,否,default,medium,146
Bob,Threads,已發布,2026-09-03 12:13,職缺,live-streamer-home,直播主,https://www.threads.com/@bobchang_share/post/Dcz7RMLiIoT,308,0,2,3,0,,,,,,,否,default,medium,145
Dan H,Threads,已發布,2026-09-03 12:13,職缺,bim-engineer-tongluo,BIM 工程師,https://www.threads.com/@danh.headhunter/post/Dcz5gligYo9,580,1,2,0,0,,,,,,,否,,,151
Jacky,Threads,已發布,2026-09-03 12:00,職缺,executive-assistant-japan-taiwan,主管特助（日本長野白馬渡假勝地・常駐）,https://www.threads.com/@step1ne_jacky/post/Dcz38QgjEm2,381,2,2,0,0,,,,,,,否,default,long,143
Anna,Threads,已發布,2026-09-03 11:59,職缺,pending-co_802bdd6b-9868182d,,https://www.threads.com/@step1ne_anna/post/Dcz5tiiCqdP,109,1,3,6,1,,,,,,,否,default,medium,144
Jacky,,標記不發,2026-09-02 19:02,職缺,executive-assistant-japan-taiwan,主管特助（日本長野白馬渡假勝地・常駐）,,,,,0,0,,,,,,,否,default,long,142
EYLISE,Threads,已發布,2026-09-02 17:43,職缺,live-streamer-home,直播主,https://www.threads.com/@step1ne.jobs/post/Dcx8Px8jOTU,471,1,3,0,0,,,,,,,否,default,long,138
Bob,Threads,已發布,2026-09-02 17:12,職缺,bim-engineer-tongluo,BIM 工程師,https://www.threads.com/@bobchang_share/post/Dcu8zNaE2JV,2030,16,0,0,0,,,,,,,否,,,139
法蘭克,Threads,已發布,2026-09-02 17:12,職缺,bim-engineer-tongluo,BIM 工程師,https://www.threads.com/@franklee1369_/post/Dcx0YOiGcI1,659,1,1,0,0,,,,,,,否,,,140
宥恩,Threads,已發布,2026-09-02 17:12,職缺,bim-engineer-tongluo,BIM 工程師,https://www.threads.com/@ann25817/post/Dcxw8LKEx_d,376,0,1,0,0,,,,,,,否,,,141
Jacky,,標記不發,2026-09-02 16:42,職缺,executive-assistant-japan-taiwan,主管特助（日本長野白馬渡假勝地・常駐）,,,,,0,0,,,,,,,否,default,long,137
Anna,Threads,已發布,2026-09-02 14:45,職缺,bim-engineer-tongluo,BIM 工程師,https://www.threads.com/@step1ne_anna/post/Dcxmf3ZAkc4,229,0,1,0,0,,,,,,,否,default,long,132
Bob,Threads,已發布,2026-09-02 13:15,職缺,brand-social-video-editor-neihu,品牌社群影音編輯｜Indian Motorcycle 台灣總代理,https://www.threads.com/@bobchang_share/post/Dcxc2iRggUP,481,3,7,0,0,,,,,,,否,default,medium,135
EYLISE,Threads,已發布,2026-09-02 13:00,職缺,japan-project-finance-taipei,日本項目財務會計（Finance & Accounting／Project Controller）,https://www.threads.com/@step1ne.jobs/post/DcxbC1ECEMc,1591,6,2,0,0,,,,,,,否,default,long,134
Jacky,Threads,已發布,2026-09-02 13:00,職缺,vip-hospitality-attendant-night,VIP貴賓接待服務員（晚班）,https://www.threads.com/@step1ne_jacky/post/Dcxa7Uzir2T,407,0,2,5,0,,,,,,,否,default,medium,133
Phoebe,Threads,已發布,2026-09-02 13:00,職缺,japan-project-finance-taipei,日本項目財務會計（Finance & Accounting／Project Controller）,https://www.threads.com/@step1ne.phoebe/post/DcxaAM2ioaI,61,0,2,0,0,,,,,,,否,default,long,131
DR,Threads,已發布,2026-09-02 12:45,職缺,executive-assistant-japan-taiwan,主管特助（日本長野白馬渡假勝地・常駐）,https://www.threads.com/@step1ne_tw/post/DcxYyfcDSFm,3907,17,2,3,0,,,,,,,否,default,long,130
Phoebe,Threads,已發布,2026-09-01 17:26,職缺,clinic-nurse-neihu,復健科診所護理師,https://www.threads.com/@step1ne.phoebe/post/DcvVc7qDAjk,32,0,2,0,0,,,,,,,否,default,long,128
DR,Threads,已發布,2026-09-01 17:25,職缺,vip-hospitality-attendant-night,VIP貴賓接待服務員（晚班）,https://www.threads.com/@step1ne_tw/post/DcvVWbrgJLG,2891,10,8,8,0,,,,,,,否,default,long,127
Phoebe,Threads,已發布,2026-09-01 12:00,職缺,executive-assistant-japan-taiwan,主管特助（日本長野白馬渡假勝地・常駐）,https://www.threads.com/@step1ne.phoebe/post/DcuvJYtgmd2,78,0,2,0,0,,,,,,,否,default,long,124
EYLISE,Threads,已發布,2026-09-01 11:53,職缺,bim-engineer-tongluo,BIM 工程師,https://www.threads.com/@step1ne.jobs/post/DcuvWhaDGjK,1244,2,3,2,0,,,,,,,否,default,long,126
Jacky,LinkedIn,已發布,2026-09-01 11:52,職缺,vip-hospitality-attendant-night,VIP貴賓接待服務員（晚班）,https://www.linkedin.com/feed/update/urn:li:share:7500400169683701760,,,,1,0,,,,,,,否,default,medium,125
Jacky,Threads,已發布,2026-09-01 11:52,職缺,japan-project-finance-taipei,日本項目財務會計（Finance & Accounting／Project Controller）,https://www.threads.com/@step1ne_jacky/post/DcuvQwzgp3A,1299,10,4,8,0,,,,,,,否,default,long,123
DR,Threads,已發布,2026-08-31 18:17,職缺,japan-project-finance-taipei,日本項目財務會計（Finance & Accounting／Project Controller）,https://www.threads.com/@step1ne_tw/post/Dcs2emHkVwA,3934,21,3,28,0,,,,,,,否,default,long,122
EYLISE,Threads,已發布,2026-08-31 17:45,職缺,ehs-engineer-yunlin,,https://www.threads.com/@step1ne.jobs/post/DcsyD88jhFV,877,2,2,5,0,,,,,,,否,default,long,118
Jacky,Threads,已發布,2026-08-31 17:40,職缺,bim-engineer-tongluo,BIM 工程師,https://www.threads.com/@step1ne_jacky/post/DcsyRRxkRUk,1123,2,2,4,0,,,,,,,否,default,long,119
EYLISE,Threads,已發布,2026-08-31 14:30,職缺,vip-hospitality-attendant,VIP貴賓接待服務員,https://www.threads.com/@step1ne.jobs/post/DcsbOqADpAl,1029,2,2,1,0,,,,,,,否,default,medium,117
DR,Threads,已發布,2026-08-31 14:00,職缺,executive-assistant-japan-taiwan,主管特助（日本長野白馬渡假勝地・常駐）,https://www.threads.com/@step1ne_tw/post/DcsYA1CjgbD,6341,28,5,17,0,,,,,,,否,default,long,113
EYLISE,LinkedIn,已發布,2026-08-31 13:52,職缺,vip-hospitality-attendant,VIP貴賓接待服務員,https://www.linkedin.com/feed/update/urn:li:share:7500067955771289600,,,,4,0,,,,,,,否,default,medium,116
Jacky,Threads,已發布,2026-08-31 13:52,職缺,engineering-design-engineer-hsinchu,,https://www.threads.com/@step1ne_jacky/post/DcsYMkzjT2U,317,0,2,1,0,,,,,,,否,default,medium,115
Phoebe,,標記不發,2026-08-29 00:00,職缺,backend-engineer-game,後端開發工程師（.NET）,,,,,0,0,,,,,,,否,default,long,112
EYLISE,Threads,已發布,2026-08-28 18:45,職缺,executive-assistant-japan-taiwan,主管特助（日本長野白馬渡假勝地・常駐）,https://www.threads.com/@step1ne.jobs/post/DclJy7Gl3Fn,1344,9,3,3,0,,,,,,,否,default,long,111
DR,Threads,已發布,2026-08-28 18:34,職缺,bim-engineer-tongluo,BIM 工程師,https://www.threads.com/@step1ne_tw/post/DclKFNVjeU0,2613,9,3,11,0,,,,,,,否,default,long,108
Phoebe,Threads,已發布,2026-08-28 18:33,職缺,engineering-design-engineer-hsinchu,,https://www.threads.com/@step1ne.phoebe/post/DclJ-xrDTFm,65,2,2,0,0,,,,,,,否,default,long,109
Jacky,Threads,已發布,2026-08-28 18:32,職缺,ehs-engineer-yunlin,,https://www.threads.com/@step1ne_jacky/post/DclJ6X-jkHR,1039,0,2,7,0,,,,,,,否,default,medium,110
Phoebe,Threads,已發布,2026-08-28 13:30,職缺,hakuba-resort-property-manager,日本白馬渡假村物業經理／資產營運經理,https://www.threads.com/@step1ne.phoebe/post/DckmiUICEPT,107,2,2,0,0,,,,,,,否,default,long,105
Jacky,Threads,已發布,2026-08-28 13:23,職缺,ehs-engineer-yunlin,,https://www.threads.com/@step1ne_jacky/post/DckmdkEgArh,507,0,2,0,0,,,,,,,否,default,long,106
EYLISE,Threads,已發布,2026-08-28 13:22,職缺,bim-engineer-tongluo,BIM 工程師,https://www.threads.com/@step1ne.jobs/post/DckmYLDgGgf,755,4,2,6,0,,,,,,,否,default,long,107
EYLISE,Threads,已發布,2026-08-27 19:54,職缺,bim-engineer-tongluo,BIM 工程師,https://www.threads.com/@step1ne.jobs/post/DciuZ_WjTG5,1417,4,2,8,0,,,,,,,否,default,long,103
Jacky,Threads,已發布,2026-08-27 18:45,職缺,semiconductor-site-engineer-hsinchu,,https://www.threads.com/@step1ne_jacky/post/DcimmzhER-P,834,2,2,0,0,,,,,,,否,default,medium,102
Phoebe,Threads,已發布,2026-08-27 18:45,職缺,engineering-design-engineer-hsinchu,,https://www.threads.com/@step1ne.phoebe/post/DcimgEKkS1L,57,1,2,0,0,,,,,,,否,default,long,101
DR,Threads,已發布,2026-08-27 18:42,職缺,hakuba-resort-property-manager,日本白馬渡假村物業經理／資產營運經理,https://www.threads.com/@step1ne_tw/post/DcimN6zkXa5,1884,13,3,7,0,,,,,,,否,default,long,100
EYLISE,LinkedIn,已發布,2026-08-27 18:41,職缺,finance-accounting-insurance-dispatch,財務會計專員｜投資帳務・國營保險集團財務部（15個月專案）,https://www.linkedin.com/feed/update/urn:li:share:7498691121615757312,,,,1,0,,,,,,,否,default,long,98
EYLISE,LinkedIn,已發布,2026-08-27 14:10,職缺,semiconductor-site-engineer-hsinchu,,https://www.linkedin.com/feed/update/urn:li:share:7498622982571839488,,,,0,0,,,,,,,否,default,long,96
EYLISE,LinkedIn,已發布,2026-08-27 13:50,職缺,semiconductor-site-engineer-hsinchu,,https://www.linkedin.com/feed/update/urn:li:share:7498617809912877057,,,,2,0,,,,,,,否,default,long,95
Phoebe,Threads,已發布,2026-08-27 13:00,職缺,ehs-engineer-yunlin,,https://www.threads.com/@step1ne.phoebe/post/Dch-XyqAEPG,86,0,2,0,0,,,,,,,否,default,long,93
DR,Threads,已發布,2026-08-27 12:55,職缺,engineering-design-engineer-hsinchu,,https://www.threads.com/@step1ne_tw/post/Dch-fPUjeL8,964,4,2,6,0,,,,,,,否,default,long,92
EYLISE,Threads,已發布,2026-08-26 19:46,職缺,hakuba-resort-property-manager,日本白馬渡假村物業經理／資產營運經理,https://www.threads.com/@step1ne.jobs/post/DcgHZHdjSPn,1585,14,3,5,0,,,,,,,否,default,long,89
DR,Threads,已發布,2026-08-26 19:32,職缺,ehs-engineer-yunlin,,https://www.threads.com/@step1ne_tw/post/DcgHG5bDX3P,1519,4,2,6,0,,,,,,,否,default,long,91
Phoebe,Threads,已發布,2026-08-26 19:31,職缺,semiconductor-site-engineer-hsinchu,,https://www.threads.com/@step1ne.phoebe/post/DcgHAGvDuNN,73,1,3,0,0,,,,,,,否,default,long,90
未指定,Threads,已發布,2026-08-26 16:15,職缺,semiconductor-site-engineer-hsinchu,,https://www.threads.com/@step1ne_jacky/post/DcfviJqEXGo,0,0,2,0,0,,,,,,,否,default,medium,85
EYLISE,Threads,已發布,2026-08-26 16:00,職缺,finance-accounting-insurance-dispatch,財務會計專員｜投資帳務・國營保險集團財務部（15個月專案）,https://www.threads.com/@step1ne.jobs/post/DcftEC2APs2,2547,7,7,2,0,,,,,,,否,default,long,81
未指定,,標記不發,2026-08-26 15:17,職缺,finance-group-treasury-head-xinyi,集團財務主管 Group Treasury Head,,,,,0,0,,,,,,,否,default,long,83
DR,Threads,已發布,2026-08-26 15:01,職缺,vip-hospitality-attendant,VIP貴賓接待服務員,https://www.threads.com/@step1ne_tw/post/DcfoLDzAMZK,662,2,2,10,0,,,,,,,否,default,long,80
Phoebe,Threads,已發布,2026-08-25 14:45,職缺,clinic-nurse-neihu,復健科診所護理師,https://www.threads.com/@step1ne.phoebe/post/Dcc_sJqjbNF,45,1,2,1,0,,,,,,,否,default,long,76
Jacky,Threads,已發布,2026-08-25 14:45,職缺,brand-social-video-editor-neihu,品牌社群影音編輯｜Indian Motorcycle 台灣總代理,https://www.threads.com/@step1ne_jacky/post/Dcc_kwtCphI,1428,9,2,7,0,,,,,,,否,default,long,75
EYLISE,Threads,已發布,2026-08-25 14:36,職缺,vip-hospitality-attendant,VIP貴賓接待服務員,https://www.threads.com/@step1ne.jobs/post/DcdAeSaDtdR,1360,5,3,4,0,,,,,,,否,default,long,78
DR,Threads,已發布,2026-08-25 14:30,職缺,live-streamer-home,直播主,https://www.threads.com/@step1ne_tw/post/Dcc_zjVDefQ,505,2,2,3,0,,,,,,,否,default,long,77
EYLISE,Threads,已發布,2026-08-24 21:10,職缺,ehs-engineer-yunlin,,https://www.threads.com/@step1ne.jobs/post/DcbIxWjDLMe,261,0,1,0,0,,,,,,,否,default,medium,69
Phoebe,Threads,已發布,2026-08-24 20:00,職缺,bim-engineer,BIM 工程師（無經驗可・正職）,https://www.threads.com/@step1ne.phoebe/post/Dca-_1XEXbm,129,1,3,0,0,,,,,,,否,default,long,56
DR,Threads,已發布,2026-08-24 19:44,職缺,ehs-engineer-yunlin,,https://www.threads.com/@step1ne_tw/post/Dca-6bgDaLe,2227,12,2,12,0,,,,,,,否,default,long,71
Phoebe,LinkedIn,已發布,2026-08-24 19:36,職缺,ehs-engineer-yunlin,,https://www.linkedin.com/feed/update/urn:li:share:7497617746160021504,,,,0,0,,,,,,,否,default,medium,74
Phoebe,,標記不發,2026-08-24 19:17,職缺,ehs-engineer-yunlin,,,,,,0,0,,,,,,,否,default,long,70
Jacky,,被新版取代,2026-08-24 19:04,職缺,ehs-engineer-yunlin,,,,,,0,0,,,,,,,否,default,medium,65
DR,,被新版取代,2026-08-24 19:04,職缺,ehs-engineer-yunlin,,,,,,0,0,,,,,,,否,default,medium,64
Phoebe,,被新版取代,2026-08-24 19:04,職缺,ehs-engineer-yunlin,,,,,,0,0,,,,,,,否,default,medium,63
EYLISE,,被新版取代,2026-08-24 19:04,職缺,ehs-engineer-yunlin,,,,,,0,0,,,,,,,否,default,medium,62
Jacky,,被新版取代,2026-08-24 18:57,職缺,ehs-engineer-yunlin,,,,,,0,0,,,,,,,否,default,medium,61
EYLISE,Threads,已發布,2026-08-24 18:15,職缺,bim-engineer,BIM 工程師（無經驗可・正職）,https://www.threads.com/@step1ne.jobs/post/Dca0N96jQsi,7478,21,11,0,0,,,,,,,否,default,long,55
Jacky,Threads,已發布,2026-08-21 21:30,職缺,bim-engineer,BIM 工程師（無經驗可・正職）,https://www.threads.com/@step1ne_jacky/post/DcTbvSAjluf,2296,10,2,0,0,,,,,,,否,default,long,54
DR,,已過期,2026-08-21 21:15,職缺,bim-engineer,BIM 工程師（無經驗可・正職）,,,,,0,0,,,,,,,否,default,long,57
Phoebe,,法遵擋下,2026-08-21 19:05,職缺,bim-engineer,BIM 工程師（無經驗可・正職）,,,,,0,0,,,,,,,否,default,long,53
EYLISE,,法遵擋下,2026-08-21 19:05,職缺,bim-engineer,BIM 工程師（無經驗可・正職）,,,,,0,0,,,,,,,否,default,long,52
Jacky,,法遵擋下,2026-08-21 19:05,職缺,bim-engineer,BIM 工程師（無經驗可・正職）,,,,,0,0,,,,,,,否,default,long,51
Phoebe,,法遵擋下,2026-08-21 19:05,職缺,bim-engineer,BIM 工程師（無經驗可・正職）,,,,,0,0,,,,,,,否,default,long,50
Jacky,,法遵擋下,2026-08-21 19:05,職缺,bim-engineer,BIM 工程師（無經驗可・正職）,,,,,0,0,,,,,,,否,default,long,49
Phoebe,,已刪除,2026-08-21 17:30,職缺,bim-engineer,BIM 工程師（無經驗可・正職）,,0,0,2,0,0,,,,,,,否,default,long,44
Jacky,,已刪除,2026-08-21 17:24,職缺,bim-engineer,BIM 工程師（無經驗可・正職）,,,,,0,0,,,,,,,否,default,long,46
EYLISE,,已刪除,2026-08-21 17:24,職缺,bim-engineer,BIM 工程師（無經驗可・正職）,,,,,2,0,,,,,,,否,default,long,47
Phoebe,,已刪除,2026-08-21 17:22,職缺,bim-engineer,BIM 工程師（無經驗可・正職）,,,,,4,0,,,,,,,否,default,long,48
Jacky,,已刪除,2026-08-21 16:58,職缺,bim-engineer,BIM 工程師（無經驗可・正職）,,0,0,3,3,0,,,,,,,否,default,long,42
DR,,法遵擋下,2026-08-21 16:52,職缺,bim-engineer,BIM 工程師（無經驗可・正職）,,,,,0,0,,,,,,,否,default,long,45
EYLISE,,法遵擋下,2026-08-21 16:52,職缺,bim-engineer,BIM 工程師（無經驗可・正職）,,,,,0,0,,,,,,,否,default,long,43
LINE 社群（手動發）,,待手動發,2026-08-21 12:59,職缺,finance-accounting-insurance-dispatch,財務會計專員｜投資帳務・國營保險集團財務部（15個月專案）,,,,,0,0,,,,,,,否,default,medium,41
LINE 社群（手動發）,,待手動發,2026-08-21 12:59,職缺,bim-engineer,BIM 工程師（無經驗可・正職）,,,,,0,0,,,,,,,否,default,medium,40
Phoebe,Threads,已發布,2026-08-20 13:30,職缺,finance-accounting-insurance-dispatch,財務會計專員｜投資帳務・國營保險集團財務部（15個月專案）,https://www.threads.com/@step1ne.phoebe/post/DcQAc6PCEJG,30,0,1,0,0,,,,,,,否,default,long,39
EYLISE,Threads,已發布,2026-08-20 13:28,職缺,live-streamer-home,直播主,https://www.threads.com/@step1ne.jobs/post/DcQApogjNoo,338,1,3,1,0,,,,,,,否,default,long,38
Phoebe,Threads,已發布,2026-08-20 13:27,職缺,vip-hospitality-attendant,VIP貴賓接待服務員,https://www.threads.com/@step1ne.phoebe/post/DcQAkWUioE_,27,0,2,0,0,,,,,,,否,default,long,37
Phoebe,Threads,已發布,2026-08-20 13:05,職缺,vip-hospitality-attendant,VIP貴賓接待服務員,https://www.threads.com/@step1ne.phoebe/post/DcP-CEXgP5k,20,0,2,0,0,,,,,,,否,default,long,36
DR,Threads,已發布,2026-08-20 13:00,職缺,vip-hospitality-attendant,VIP貴賓接待服務員,https://www.threads.com/@step1ne_tw/post/DcP79vWCDFX,1311,7,2,19,0,,,,,,,否,default,medium,33
Phoebe,,擋下,2026-08-20 12:49,職缺,vip-hospitality-attendant,VIP貴賓接待服務員,,,,,0,0,,,,,,,否,default,long,35
Jacky,LinkedIn,已發布,2026-08-19 20:00,職缺,vip-hospitality-attendant,VIP貴賓接待服務員,https://www.linkedin.com/feed/update/urn:li:share:7495812046694031360,,,,1,0,,,,,,,否,default,medium,34
Phoebe,,已刪除,2026-08-19 19:54,職缺,vip-hospitality-attendant,VIP貴賓接待服務員,,31,0,2,0,0,,,,,,,否,default,medium,32
EYLISE,Threads,已發布,2026-08-19 19:45,職缺,vip-hospitality-attendant,VIP貴賓接待服務員,https://www.threads.com/@step1ne.jobs/post/DcOGUo6CNUq,649,4,2,9,0,,,,,,,否,default,medium,31
Jacky,Threads,已發布,2026-08-19 19:38,職缺,vip-hospitality-attendant,VIP貴賓接待服務員,https://www.threads.com/@step1ne_jacky/post/DcOGP1rDY7v,475,2,1,7,0,,,,,,,否,default,medium,30
Jacky,LinkedIn,已發布,2026-08-19 13:12,職缺,finance-accounting-insurance-dispatch,財務會計專員｜投資帳務・國營保險集團財務部（15個月專案）,https://www.linkedin.com/feed/update/urn:li:share:7495709230356725760,,,,1,0,,,,,,,否,default,medium,29
Jacky,Threads,已發布,2026-08-18 21:51,職缺,finance-accounting-insurance-dispatch,財務會計專員｜投資帳務・國營保險集團財務部（15個月專案）,https://www.threads.com/@step1ne_jacky/post/DcLwycTjQKK,1614,2,2,0,0,,,,,,,否,default,medium,25
DR,Threads,已發布,2026-08-18 15:43,職缺,finance-accounting-insurance-dispatch,財務會計專員｜投資帳務・國營保險集團財務部（15個月專案）,https://www.threads.com/@step1ne_tw/post/DcLGqHSCmY9,1597,2,2,0,0,,,,,,,否,default,long,28
Phoebe,,已刪除,2026-08-18 13:53,職缺,finance-accounting-insurance-dispatch,財務會計專員｜投資帳務・國營保險集團財務部（15個月專案）,,19,2,1,0,0,,,,,,,否,default,medium,26
EYLISE,Threads,已發布,2026-08-18 13:45,職缺,cloud-ops-engineer,雲端維運工程師,https://www.threads.com/@step1ne.jobs/post/DcK5Lyyl2FF,546,1,1,0,0,,,,,,,否,default,medium,23
Phoebe,,已刪除,2026-08-17 21:27,職缺,live-streamer-home,直播主,,,,,0,0,,,,,,,否,default,long,20
DR,Threads,已發布,2026-08-17 21:11,職缺,bim-engineer,BIM 工程師（無經驗可・正職）,https://www.threads.com/@step1ne_tw/post/DcJHYLMkb_n,860,6,2,0,0,,,,,,,否,default,medium,2
DR,,標記不發,2026-08-17 21:00,職缺,receptionist-neihu,總機接待,,,,,0,0,,,,,,,否,default,medium,14
Phoebe,,標記不發,2026-08-17 20:58,職缺,product-assistant-fintech,產品助理,,,,,0,0,,,,,,,否,default,medium,13
EYLISE,,標記不發,2026-08-17 20:57,職缺,group-it-head,集團資訊主管 Group IT Head,,,,,0,0,,,,,,,否,default,short,9
Jacky,Threads,已發布,2026-08-17 20:54,職缺,clinic-nurse-neihu,復健科診所護理師,https://www.threads.com/@step1ne_jacky/post/DcJFcuIilZU,917,3,1,0,0,,,,,,,否,default,medium,17
Jacky,Threads,已發布,2026-08-17 17:06,職缺,hakuba-resort-property-manager,日本白馬渡假村物業經理／資產營運經理,https://www.threads.com/@step1ne_jacky/post/DcI3cL7DTC_,,,,0,0,,,,,,,否,default,medium,21
