狀態判定,發文時間,顧問,平台,職缺／話題,貼文網址,瀏覽,按讚,留言,點擊,加LINE,貼文狀態,queue_id,topic_id
⏳ 還沒滿 24 小時（-0h）,2026-09-08 12:24,法蘭克,Threads,培訓半導體專案工程師,https://www.threads.com/@franklee1369_/post/DdA0jRIjU5n,,,,0,0,posted,225,
⏳ 還沒滿 24 小時（-0h）,2026-09-08 12:24,Dan H,Threads,資深職業安全衛生工程師,https://www.threads.com/@danh.headhunter/post/DdA0deLCrtK,,,,0,0,posted,224,
⏳ 還沒滿 24 小時（-0h）,2026-09-08 12:23,Anna,Threads,日本白馬渡假村物業經理／資產營運經理,https://www.threads.com/@step1ne_anna/post/DdA0bKGCnlY,,,,0,0,posted,223,
⏳ 還沒滿 24 小時（0h）,2026-09-08 12:07,Bob,Threads,BIM 工程師,https://www.threads.com/@bobchang_share/post/DdAyi1NiFcW,,,,0,0,posted,222,
⏳ 還沒滿 24 小時（0h）,2026-09-08 12:04,Anna,Threads,日本白馬渡假村物業經理／資產營運經理,https://www.threads.com/@step1ne_anna/post/DdAyLQZF0Eq,,,,0,0,posted,204,
⏳ 還沒滿 24 小時（0h）,2026-09-08 11:59,Phoebe,Threads,💬 104人資FBI報告：企業平均花44.9天才找到一人，新人卻只有62.2%撐過半年，招募三大難題浮上檯面,https://www.threads.com/@step1ne.phoebe/post/DdAxrUdCG-h,,,,0,0,posted,219,21
⏳ 還沒滿 24 小時（0h）,2026-09-08 11:59,EYLISE,Threads,日本項目財務會計（Finance & Accounting／Project Controller）,https://www.threads.com/@step1ne.jobs/post/DdAxmbeiMTh,,,,0,0,posted,221,
⏳ 還沒滿 24 小時（0h）,2026-09-08 11:58,Jacky,Threads,資深職業安全衛生工程師,https://www.threads.com/@step1ne_jacky/post/DdAxh1ajHxT,,,,0,0,posted,220,
⏳ 還沒滿 24 小時（0h）,2026-09-08 11:45,DR,Threads,資深工程設計工程師,https://www.threads.com/@step1ne_tw/post/DdAwCR8iECp,,,,0,0,posted,218,
未發布（drafted）,2026-09-08 08:33,未指定,無帳號,💬 AI研究話題：傳Google台灣大裁員3~5成，官方緊急澄清「完全背離事實」，但同時徵才頁面仍掛著板橋49個、台北32個職缺,,,,,0,0,drafted,217,23
⏳ 還沒滿 24 小時（11h）,2026-09-08 00:45,DR,Threads,BIM 工程師,https://www.threads.com/@step1ne_tw/post/Dc_i_TMCNO1,,,,4,0,posted,208,
⏳ 還沒滿 24 小時（12h）,2026-09-08 00:34,宥恩,Threads,資深半導體專案工程師,https://www.threads.com/@ann25817/post/Dc_jSgDDc2E,,,,0,0,posted,216,
⏳ 還沒滿 24 小時（12h）,2026-09-08 00:34,法蘭克,Threads,培訓工程設計工程師,https://www.threads.com/@franklee1369_/post/Dc_jQ-QDRhP,,,,0,0,posted,215,
⏳ 還沒滿 24 小時（12h）,2026-09-08 00:33,Dan H,Threads,BIM 工程師,https://www.threads.com/@danh.headhunter/post/Dc_jNc3DUOB,,,,0,0,posted,214,
⏳ 還沒滿 24 小時（12h）,2026-09-08 00:33,Bob,Threads,資深職業安全衛生工程師,https://www.threads.com/@bobchang_share/post/Dc_jKSWjZtV,,,,0,0,posted,212,
⏳ 還沒滿 24 小時（12h）,2026-09-08 00:33,EYLISE,Threads,VIP貴賓接待服務員,https://www.threads.com/@step1ne.jobs/post/Dc_jHGCjKlj,,,,0,0,posted,211,
LinkedIn（無成效 API，正常）,2026-09-08 00:32,Jacky,LinkedIn,日本項目財務會計（Finance & Accounting／Project Controller）,https://www.linkedin.com/feed/update/urn:li:share:7502765782867525632,,,,3,1,posted,210,
未發布（skipped）,2026-09-07 21:29,Anna,Threads,💬 我讓AI幫我做第一輪面試。上禮拜它刷掉一個我本來覺得會過的人，理由是……,,,,,0,0,skipped,213,7
⏳ 還沒滿 24 小時（15h）,2026-09-07 21:25,Phoebe,Threads,培訓工程設計工程師,https://www.threads.com/share/BBZi4yr43Z/,,,,0,0,posted,209,
⏳ 還沒滿 24 小時（20h）,2026-09-07 15:53,宥恩,Threads,資深職業安全衛生工程師,https://www.threads.com/@ann25817/post/Dc-np4MDRX_,,,,0,0,posted,207,
⏳ 還沒滿 24 小時（20h）,2026-09-07 15:53,法蘭克,Threads,資深職業安全衛生工程師,https://www.threads.com/@franklee1369_/post/Dc-noIwjr9H,,,,0,0,posted,206,
⏳ 還沒滿 24 小時（20h）,2026-09-07 15:50,Phoebe,Threads,培訓工程設計工程師,https://www.threads.com/@step1ne.phoebe/post/Dc-gkwTknDg,,,,0,0,posted,197,
⏳ 還沒滿 24 小時（20h）,2026-09-07 15:47,Dan H,Threads,培訓工程設計工程師,https://www.threads.com/@danh.headhunter/post/Dc-m83XikF6,,,,0,0,posted,205,
⏳ 還沒滿 24 小時（20h）,2026-09-07 15:44,Bob,Threads,培訓半導體專案工程師,https://www.threads.com/@bobchang_share/post/Dc-mpgCHJKi,,,,0,0,posted,203,
⏳ 還沒滿 24 小時（20h）,2026-09-07 15:44,EYLISE,Threads,BIM 工程師,https://www.threads.com/@step1ne.jobs/post/Dc-mlQXnOdu,,,,0,0,posted,202,
⏳ 還沒滿 24 小時（21h）,2026-09-07 15:31,EYLISE,Threads,資深職業安全衛生工程師,https://www.threads.com/@step1ne.jobs/post/Dc-lDMgCucC,,,,0,0,posted,201,
⏳ 還沒滿 24 小時（21h）,2026-09-07 15:26,Jacky,Threads,培訓工程設計工程師,https://www.threads.com/@step1ne_jacky/post/Dc-kh3GiIg2,,,,0,0,posted,200,
未發布（drafted）,2026-09-07 15:06,Phoebe,Threads,培訓工程設計工程師,,,,,0,0,drafted,199,
未發布（drafted）,2026-09-07 11:44,Phoebe,Threads,培訓工程設計工程師,,,,,0,0,drafted,198,
未發布（drafted）,2026-09-07 11:43,DR,Threads,資深職業安全衛生工程師,,,,,0,0,drafted,196,
未發布（drafted）,2026-09-07 08:35,未指定,無帳號,💬 AI研究話題：台灣職場流傳「已讀秒回訊息＝升遷條件」的變相加班文化，網友對比瑞典人下班後工作群組完全靜音的做法,,,,,0,0,drafted,195,22
未發布（drafted）,2026-09-06 08:34,未指定,無帳號,💬 AI研究話題：104人資FBI報告：企業平均花44.9天才找到一人，新人卻只有62.2%撐過半年，招募三大難題浮上檯面,,,,,0,0,drafted,194,21
未發布（drafted）,2026-09-05 08:34,未指定,無帳號,💬 AI研究話題：華航、長榮徵才簡章明文禁止用AI寫履歷自傳，違規最嚴重會永不錄用，但求職者幾乎人人都在用AI輔助潤飾履歷,,,,,0,0,drafted,193,20
未發布（drafted）,2026-09-04 17:28,Jacky,Threads,💬 AI阿財不會做的三件事,,,,,0,0,drafted,192,11
✅ 已抓到成效,2026-09-04 17:07,Anna,Threads,日本項目財務會計（Finance & Accounting／Project Controller）,https://www.threads.com/@step1ne_anna/post/Dc3BuhODVfn,0,0,0,0,0,posted,188,
✅ 已抓到成效,2026-09-04 13:03,宥恩,Threads,資深半導體專案工程師,https://www.threads.com/@ann25817/post/Dc2l2YCiEYd,0,0,0,0,0,posted,191,
✅ 已抓到成效,2026-09-04 13:03,法蘭克,Threads,培訓工程設計工程師,https://www.threads.com/@franklee1369_/post/Dc2ly15CAfo,0,0,0,0,0,posted,190,
✅ 已抓到成效,2026-09-04 13:02,Dan H,Threads,培訓半導體專案工程師,https://www.threads.com/@danh.headhunter/post/Dc2lwXjCEtq,0,0,0,0,0,posted,189,
✅ 已抓到成效,2026-09-04 13:00,DR,Threads,資深半導體專案工程師,https://www.threads.com/@step1ne_tw/post/Dc2jn_FCtBj,117,0,2,0,0,posted,183,
✅ 已抓到成效,2026-09-04 13:00,Bob,Threads,BIM 工程師,https://www.threads.com/@bobchang_share/post/Dc2lfkbjNaU,0,0,0,0,0,posted,187,
✅ 已抓到成效,2026-09-04 13:00,EYLISE,Threads,培訓職業安全衛生工程師,https://www.threads.com/@step1ne.jobs/post/Dc2lbYfiM3t,0,0,1,0,0,posted,186,
LinkedIn（無成效 API，正常）,2026-09-04 12:47,Jacky,LinkedIn,培訓工程設計工程師,https://www.linkedin.com/feed/update/urn:li:share:7501501090056740864,,,,1,0,posted,185,
✅ 已抓到成效,2026-09-04 12:47,Phoebe,Threads,BIM 工程師,https://www.threads.com/@step1ne.phoebe/post/Dc2j5gUDeMC,0,2,3,0,0,posted,184,
未發布（drafted）,2026-09-04 08:33,未指定,無帳號,💬 AI研究話題：2027基本工資審議9月登場，預期漲破3萬，但月薪4、5萬的資深上班族反而覺得「薪資被追平」，57%已默默騎驢找馬,,,,,0,0,drafted,182,6
✅ 已抓到成效,2026-09-03 23:14,Bob,Threads,復健科診所護理師,https://www.threads.com/@bobchang_share/post/Dc1G801jppT,416,3,0,0,0,posted,177,
✅ 已抓到成效,2026-09-03 23:14,法蘭克,Threads,培訓工程設計工程師,https://www.threads.com/@franklee1369_/post/Dc1G2a1Dq92,1034,1,2,0,0,posted,178,
✅ 已抓到成效,2026-09-03 23:13,宥恩,Threads,資深工程設計工程師,https://www.threads.com/@ann25817/post/Dc1Gys5DmRM,323,1,1,0,0,posted,179,
✅ 已抓到成效,2026-09-03 23:12,Jacky,Threads,BIM 工程師,https://www.threads.com/@step1ne_jacky/post/Dc1GvQyDi7x,332,0,1,0,0,posted,180,
✅ 已抓到成效,2026-09-03 23:12,EYLISE,Threads,pending-co_802bdd6b-9868182d,https://www.threads.com/@step1ne.jobs/post/Dc1Gradjbkt,521,1,3,0,0,posted,147,
❌ 漏抓（已過 111h）,2026-09-03 21:09,Phoebe,Threads,💬 遠端職缺,https://www.threads.com/share/BAFLBIM-QL/,,,,0,0,posted,181,
✅ 已抓到成效,2026-09-03 21:03,Jacky,Threads,培訓半導體專案工程師,https://www.threads.com/@step1ne_jacky/post/Dc037cTiL9d,447,2,1,0,0,posted,176,
❌ 漏抓（已過 111h）,2026-09-03 20:40,Anna,Threads,主管特助（日本長野白馬渡假勝地・常駐）,https://www.threads.com/share/BAt49e_U_4/,,,,0,0,posted,175,
未發布（drafted）,2026-09-03 20:17,未指定,無帳號,💬 AI研究話題：1111人力銀行「2026青年上班族Q3轉職調查」：60.4%的18-35歲上班族有轉職打算，其中44%屬於邊找工作邊留著現職的「騎驢找馬」，主因是現在工作的薪水太低(63.7%)，平均盼加薪破萬元,,,,,0,0,drafted,174,5
✅ 已抓到成效,2026-09-03 19:15,DR,Threads,培訓半導體專案工程師,https://www.threads.com/@step1ne_tw/post/Dc0qTjzCNZP,379,2,2,3,0,posted,158,
未發布（drafted）,2026-09-03 19:08,Jacky,Threads,BIM 工程師,,,,,0,0,drafted,173,
未發布（drafted）,2026-09-03 19:08,Jacky,Threads,BIM 工程師,,,,,0,0,drafted,172,
未發布（drafted）,2026-09-03 19:08,Jacky,Threads,BIM 工程師,,,,,0,0,drafted,171,
未發布（drafted）,2026-09-03 19:08,Jacky,Threads,BIM 工程師,,,,,0,0,drafted,170,
未發布（drafted）,2026-09-03 19:08,Jacky,Threads,BIM 工程師,,,,,0,0,drafted,169,
未發布（drafted）,2026-09-03 19:08,Jacky,Threads,BIM 工程師,,,,,0,0,drafted,168,
未發布（drafted）,2026-09-03 19:08,Jacky,Threads,BIM 工程師,,,,,0,0,drafted,167,
✅ 已抓到成效,2026-09-03 14:32,DR,Threads,復健科診所護理師,https://www.threads.com/@step1ne_tw/post/Dc0LJI3iLST,912,3,2,4,0,posted,136,
✅ 已抓到成效,2026-09-03 13:16,DR,Threads,BIM 工程師,https://www.threads.com/@step1ne_tw/post/Dcz4X8pD325,304,0,1,1,0,posted,155,
❌ 漏抓（已過 119h）,2026-09-03 12:44,Phoebe,Threads,💬 職場面試,https://www.threads.com/share/BBMa6-nC1H/,,,,0,0,posted,154,
LinkedIn（無成效 API，正常）,2026-09-03 12:13,EYLISE,LinkedIn,pending-co_802bdd6b-9868182d,https://www.linkedin.com/feed/update/urn:li:share:7501130327847911424,,,,1,0,posted,146,
✅ 已抓到成效,2026-09-03 12:13,Bob,Threads,直播主,https://www.threads.com/@bobchang_share/post/Dcz7RMLiIoT,297,0,2,3,0,posted,145,
✅ 已抓到成效,2026-09-03 12:13,Dan H,Threads,BIM 工程師,https://www.threads.com/@danh.headhunter/post/Dcz5gligYo9,568,1,2,0,0,posted,151,
未發布（drafted）,2026-09-03 12:08,宥恩,Threads,pending-co_802bdd6b-ef2e28ed,,,,,0,0,drafted,149,
未發布（drafted）,2026-09-03 12:04,法蘭克,Threads,pending-co_802bdd6b-d55eac75,,,,,0,0,drafted,148,
✅ 已抓到成效,2026-09-03 12:00,Jacky,Threads,主管特助（日本長野白馬渡假勝地・常駐）,https://www.threads.com/@step1ne_jacky/post/Dcz38QgjEm2,357,2,2,0,0,posted,143,
✅ 已抓到成效,2026-09-03 11:59,Anna,Threads,pending-co_802bdd6b-9868182d,https://www.threads.com/@step1ne_anna/post/Dcz5tiiCqdP,44,1,1,6,1,posted,144,
未發布（skipped）,2026-09-02 19:02,Jacky,Threads,主管特助（日本長野白馬渡假勝地・常駐）,,,,,0,0,skipped,142,
✅ 已抓到成效,2026-09-02 17:43,EYLISE,Threads,直播主,https://www.threads.com/@step1ne.jobs/post/Dcx8Px8jOTU,462,1,3,0,0,posted,138,
✅ 已抓到成效,2026-09-02 17:12,Bob,Threads,BIM 工程師,https://www.threads.com/@bobchang_share/post/Dcu8zNaE2JV,1998,16,0,0,0,posted,139,
✅ 已抓到成效,2026-09-02 17:12,法蘭克,Threads,BIM 工程師,https://www.threads.com/@franklee1369_/post/Dcx0YOiGcI1,622,1,1,0,0,posted,140,
✅ 已抓到成效,2026-09-02 17:12,宥恩,Threads,BIM 工程師,https://www.threads.com/@ann25817/post/Dcxw8LKEx_d,362,0,1,0,0,posted,141,
未發布（skipped）,2026-09-02 16:42,Jacky,Threads,主管特助（日本長野白馬渡假勝地・常駐）,,,,,0,0,skipped,137,
✅ 已抓到成效,2026-09-02 14:45,Anna,Threads,BIM 工程師,https://www.threads.com/@step1ne_anna/post/Dcxmf3ZAkc4,163,0,1,0,0,posted,132,
✅ 已抓到成效,2026-09-02 13:15,Bob,Threads,品牌社群影音編輯｜Indian Motorcycle 台灣總代理,https://www.threads.com/@bobchang_share/post/Dcxc2iRggUP,460,3,7,0,0,posted,135,
✅ 已抓到成效,2026-09-02 13:00,EYLISE,Threads,日本項目財務會計（Finance & Accounting／Project Controller）,https://www.threads.com/@step1ne.jobs/post/DcxbC1ECEMc,1572,6,2,0,0,posted,134,
✅ 已抓到成效,2026-09-02 13:00,Jacky,Threads,VIP貴賓接待服務員（晚班）,https://www.threads.com/@step1ne_jacky/post/Dcxa7Uzir2T,394,0,2,5,0,posted,133,
✅ 已抓到成效,2026-09-02 13:00,Phoebe,Threads,日本項目財務會計（Finance & Accounting／Project Controller）,https://www.threads.com/@step1ne.phoebe/post/DcxaAM2ioaI,55,0,2,0,0,posted,131,
✅ 已抓到成效,2026-09-02 12:45,DR,Threads,主管特助（日本長野白馬渡假勝地・常駐）,https://www.threads.com/@step1ne_tw/post/DcxYyfcDSFm,3893,17,2,3,0,posted,130,
未發布（drafted）,2026-09-01 21:34,未指定,無帳號,尚未指定職缺（電洽新增但暫無適合職缺）,,,,,0,0,drafted,129,
✅ 已抓到成效,2026-09-01 17:26,Phoebe,Threads,復健科診所護理師,https://www.threads.com/@step1ne.phoebe/post/DcvVc7qDAjk,29,0,2,0,0,posted,128,
✅ 已抓到成效,2026-09-01 17:25,DR,Threads,VIP貴賓接待服務員（晚班）,https://www.threads.com/@step1ne_tw/post/DcvVWbrgJLG,2875,10,8,8,0,posted,127,
✅ 已抓到成效,2026-09-01 12:00,Phoebe,Threads,主管特助（日本長野白馬渡假勝地・常駐）,https://www.threads.com/@step1ne.phoebe/post/DcuvJYtgmd2,78,0,2,0,0,posted,124,
✅ 已抓到成效,2026-09-01 11:53,EYLISE,Threads,BIM 工程師,https://www.threads.com/@step1ne.jobs/post/DcuvWhaDGjK,1244,2,3,2,0,posted,126,
LinkedIn（無成效 API，正常）,2026-09-01 11:52,Jacky,LinkedIn,VIP貴賓接待服務員（晚班）,https://www.linkedin.com/feed/update/urn:li:share:7500400169683701760,,,,1,0,posted,125,
✅ 已抓到成效,2026-09-01 11:52,Jacky,Threads,日本項目財務會計（Finance & Accounting／Project Controller）,https://www.threads.com/@step1ne_jacky/post/DcuvQwzgp3A,1299,10,4,8,0,posted,123,
✅ 已抓到成效,2026-08-31 18:17,DR,Threads,日本項目財務會計（Finance & Accounting／Project Controller）,https://www.threads.com/@step1ne_tw/post/Dcs2emHkVwA,3930,21,3,28,0,posted,122,
✅ 已抓到成效,2026-08-31 17:45,EYLISE,Threads,ehs-engineer-yunlin,https://www.threads.com/@step1ne.jobs/post/DcsyD88jhFV,868,2,2,5,0,posted,118,
✅ 已抓到成效,2026-08-31 17:40,Jacky,Threads,BIM 工程師,https://www.threads.com/@step1ne_jacky/post/DcsyRRxkRUk,1121,2,2,4,0,posted,119,
未發布（drafted）,2026-08-31 17:34,未指定,無帳號,日本項目財務會計（Finance & Accounting／Project Controller）,,,,,0,0,drafted,121,
未發布（drafted）,2026-08-31 17:07,Phoebe,Threads,VIP貴賓接待服務員（晚班）,,,,,0,0,drafted,120,
✅ 已抓到成效,2026-08-31 14:30,EYLISE,Threads,VIP貴賓接待服務員,https://www.threads.com/@step1ne.jobs/post/DcsbOqADpAl,1026,2,2,1,0,posted,117,
✅ 已抓到成效,2026-08-31 14:00,DR,Threads,主管特助（日本長野白馬渡假勝地・常駐）,https://www.threads.com/@step1ne_tw/post/DcsYA1CjgbD,6336,28,5,17,0,posted,113,
LinkedIn（無成效 API，正常）,2026-08-31 13:52,EYLISE,LinkedIn,VIP貴賓接待服務員,https://www.linkedin.com/feed/update/urn:li:share:7500067955771289600,,,,4,0,posted,116,
✅ 已抓到成效,2026-08-31 13:52,Jacky,Threads,engineering-design-engineer-hsinchu,https://www.threads.com/@step1ne_jacky/post/DcsYMkzjT2U,315,0,2,1,0,posted,115,
未發布（drafted）,2026-08-31 11:38,Phoebe,Threads,BIM 工程師,,,,,0,0,drafted,114,
未發布（skipped）,2026-08-29 00:00,Phoebe,LinkedIn,後端開發工程師（.NET）,,,,,0,0,skipped,112,
✅ 已抓到成效,2026-08-28 18:45,EYLISE,Threads,主管特助（日本長野白馬渡假勝地・常駐）,https://www.threads.com/@step1ne.jobs/post/DclJy7Gl3Fn,1344,9,3,3,0,posted,111,
✅ 已抓到成效,2026-08-28 18:34,DR,Threads,BIM 工程師,https://www.threads.com/@step1ne_tw/post/DclKFNVjeU0,2613,9,3,11,0,posted,108,
✅ 已抓到成效,2026-08-28 18:33,Phoebe,Threads,engineering-design-engineer-hsinchu,https://www.threads.com/@step1ne.phoebe/post/DclJ-xrDTFm,65,2,2,0,0,posted,109,
✅ 已抓到成效,2026-08-28 18:32,Jacky,Threads,ehs-engineer-yunlin,https://www.threads.com/@step1ne_jacky/post/DclJ6X-jkHR,1039,0,2,7,0,posted,110,
✅ 已抓到成效,2026-08-28 13:30,Phoebe,Threads,日本白馬渡假村物業經理／資產營運經理,https://www.threads.com/@step1ne.phoebe/post/DckmiUICEPT,107,2,2,0,0,posted,105,
✅ 已抓到成效,2026-08-28 13:23,Jacky,Threads,ehs-engineer-yunlin,https://www.threads.com/@step1ne_jacky/post/DckmdkEgArh,507,0,2,0,0,posted,106,
✅ 已抓到成效,2026-08-28 13:22,EYLISE,Threads,BIM 工程師,https://www.threads.com/@step1ne.jobs/post/DckmYLDgGgf,755,4,2,6,0,posted,107,
未發布（drafted）,2026-08-28 11:33,DR,Threads,BIM 工程師,,,,,0,0,drafted,104,
✅ 已抓到成效,2026-08-27 19:54,EYLISE,Threads,BIM 工程師,https://www.threads.com/@step1ne.jobs/post/DciuZ_WjTG5,1417,4,2,8,0,posted,103,
✅ 已抓到成效,2026-08-27 18:45,Jacky,Threads,semiconductor-site-engineer-hsinchu,https://www.threads.com/@step1ne_jacky/post/DcimmzhER-P,834,2,2,0,0,posted,102,
✅ 已抓到成效,2026-08-27 18:45,Phoebe,Threads,engineering-design-engineer-hsinchu,https://www.threads.com/@step1ne.phoebe/post/DcimgEKkS1L,57,1,2,0,0,posted,101,
✅ 已抓到成效,2026-08-27 18:42,DR,Threads,日本白馬渡假村物業經理／資產營運經理,https://www.threads.com/@step1ne_tw/post/DcimN6zkXa5,1884,13,3,7,0,posted,100,
LinkedIn（無成效 API，正常）,2026-08-27 18:41,EYLISE,LinkedIn,財務會計專員｜投資帳務・國營保險集團財務部（15個月專案）,https://www.linkedin.com/feed/update/urn:li:share:7498691121615757312,,,,1,0,posted,98,
未發布（drafted）,2026-08-27 17:48,Phoebe,LinkedIn,財務會計專員｜投資帳務・國營保險集團財務部（15個月專案）,,,,,0,0,drafted,99,
未發布（drafted）,2026-08-27 14:14,EYLISE,Threads,semiconductor-site-engineer-hsinchu,,,,,0,0,drafted,97,
LinkedIn（無成效 API，正常）,2026-08-27 14:10,EYLISE,LinkedIn,semiconductor-site-engineer-hsinchu,https://www.linkedin.com/feed/update/urn:li:share:7498622982571839488,,,,0,0,posted,96,
LinkedIn（無成效 API，正常）,2026-08-27 13:50,EYLISE,LinkedIn,semiconductor-site-engineer-hsinchu,https://www.linkedin.com/feed/update/urn:li:share:7498617809912877057,,,,2,0,posted,95,
✅ 已抓到成效,2026-08-27 13:00,Phoebe,Threads,ehs-engineer-yunlin,https://www.threads.com/@step1ne.phoebe/post/Dch-XyqAEPG,86,0,2,0,0,posted,93,
✅ 已抓到成效,2026-08-27 12:55,DR,Threads,engineering-design-engineer-hsinchu,https://www.threads.com/@step1ne_tw/post/Dch-fPUjeL8,964,4,2,6,0,posted,92,
未發布（drafted）,2026-08-27 12:15,Jacky,LinkedIn,semiconductor-site-engineer-hsinchu,,,,,0,0,drafted,94,
✅ 已抓到成效,2026-08-26 19:46,EYLISE,Threads,日本白馬渡假村物業經理／資產營運經理,https://www.threads.com/@step1ne.jobs/post/DcgHZHdjSPn,1585,14,3,5,0,posted,89,
✅ 已抓到成效,2026-08-26 19:32,DR,Threads,ehs-engineer-yunlin,https://www.threads.com/@step1ne_tw/post/DcgHG5bDX3P,1519,4,2,6,0,posted,91,
✅ 已抓到成效,2026-08-26 19:31,Phoebe,Threads,semiconductor-site-engineer-hsinchu,https://www.threads.com/@step1ne.phoebe/post/DcgHAGvDuNN,73,1,3,0,0,posted,90,
未發布（drafted）,2026-08-26 18:39,Jacky,Threads,主管特助（日本長野白馬渡假勝地・常駐）,,,,,0,0,drafted,88,
未發布（drafted）,2026-08-26 16:18,未指定,無帳號,ehs-engineer-yunlin,,,,,0,0,drafted,87,
✅ 已抓到成效,2026-08-26 16:15,未指定,無帳號,semiconductor-site-engineer-hsinchu,https://www.threads.com/@step1ne_jacky/post/DcfviJqEXGo,0,0,2,0,0,posted,85,
未發布（drafted）,2026-08-26 16:12,未指定,無帳號,BIM 工程師,,,,,0,0,drafted,86,
✅ 已抓到成效,2026-08-26 16:00,EYLISE,Threads,財務會計專員｜投資帳務・國營保險集團財務部（15個月專案）,https://www.threads.com/@step1ne.jobs/post/DcftEC2APs2,2547,7,7,2,0,posted,81,
未發布（drafted）,2026-08-26 15:56,Jacky,Threads,engineering-design-engineer-hsinchu,,,,,0,0,drafted,84,
未發布（skipped）,2026-08-26 15:17,未指定,無帳號,集團財務主管 Group Treasury Head,,,,,0,0,skipped,83,
未發布（drafted）,2026-08-26 15:01,Jacky,Threads,pending-co_802bdd6b-b6b427f3,,,,,0,0,drafted,82,
✅ 已抓到成效,2026-08-26 15:01,DR,Threads,VIP貴賓接待服務員,https://www.threads.com/@step1ne_tw/post/DcfoLDzAMZK,662,2,2,10,0,posted,80,
✅ 已抓到成效,2026-08-25 14:45,Phoebe,Threads,復健科診所護理師,https://www.threads.com/@step1ne.phoebe/post/Dcc_sJqjbNF,45,1,2,1,0,posted,76,
✅ 已抓到成效,2026-08-25 14:45,Jacky,Threads,品牌社群影音編輯｜Indian Motorcycle 台灣總代理,https://www.threads.com/@step1ne_jacky/post/Dcc_kwtCphI,1428,9,2,7,0,posted,75,
✅ 已抓到成效,2026-08-25 14:36,EYLISE,Threads,VIP貴賓接待服務員,https://www.threads.com/@step1ne.jobs/post/DcdAeSaDtdR,1360,5,3,4,0,posted,78,
✅ 已抓到成效,2026-08-25 14:30,DR,Threads,直播主,https://www.threads.com/@step1ne_tw/post/Dcc_zjVDefQ,505,2,2,3,0,posted,77,
未發布（drafted）,2026-08-25 14:18,未指定,無帳號,VIP貴賓接待服務員（晚班）,,,,,0,0,drafted,79,
✅ 已抓到成效,2026-08-24 21:10,EYLISE,Threads,ehs-engineer-yunlin,https://www.threads.com/@step1ne.jobs/post/DcbIxWjDLMe,261,0,1,0,0,posted,69,
✅ 已抓到成效,2026-08-24 20:00,Phoebe,Threads,BIM 工程師（無經驗可・正職）,https://www.threads.com/@step1ne.phoebe/post/Dca-_1XEXbm,129,1,3,0,0,posted,56,
✅ 已抓到成效,2026-08-24 19:44,DR,Threads,ehs-engineer-yunlin,https://www.threads.com/@step1ne_tw/post/Dca-6bgDaLe,2227,12,2,12,0,posted,71,
LinkedIn（無成效 API，正常）,2026-08-24 19:36,Phoebe,LinkedIn,ehs-engineer-yunlin,https://www.linkedin.com/feed/update/urn:li:share:7497617746160021504,,,,0,0,posted,74,
未發布（drafted）,2026-08-24 19:17,EYLISE,LinkedIn,ehs-engineer-yunlin,,,,,0,0,drafted,73,
未發布（drafted）,2026-08-24 19:17,Jacky,LinkedIn,ehs-engineer-yunlin,,,,,0,0,drafted,72,
未發布（skipped）,2026-08-24 19:17,Phoebe,Threads,ehs-engineer-yunlin,,,,,0,0,skipped,70,
未發布（drafted）,2026-08-24 19:17,Jacky,Threads,ehs-engineer-yunlin,,,,,0,0,drafted,68,
未發布（drafted）,2026-08-24 19:04,Phoebe,LinkedIn,ehs-engineer-yunlin,,,,,0,0,drafted,67,
未發布（drafted）,2026-08-24 19:04,EYLISE,LinkedIn,ehs-engineer-yunlin,,,,,0,0,drafted,66,
未發布（superseded）,2026-08-24 19:04,Jacky,LinkedIn,ehs-engineer-yunlin,,,,,0,0,superseded,65,
未發布（superseded）,2026-08-24 19:04,DR,Threads,ehs-engineer-yunlin,,,,,0,0,superseded,64,
未發布（superseded）,2026-08-24 19:04,Phoebe,Threads,ehs-engineer-yunlin,,,,,0,0,superseded,63,
未發布（superseded）,2026-08-24 19:04,EYLISE,Threads,ehs-engineer-yunlin,,,,,0,0,superseded,62,
未發布（superseded）,2026-08-24 18:57,Jacky,Threads,ehs-engineer-yunlin,,,,,0,0,superseded,61,
✅ 已抓到成效,2026-08-24 18:15,EYLISE,Threads,BIM 工程師（無經驗可・正職）,https://www.threads.com/@step1ne.jobs/post/Dca0N96jQsi,7478,21,11,0,0,posted,55,
✅ 已抓到成效,2026-08-21 21:30,Jacky,Threads,BIM 工程師（無經驗可・正職）,https://www.threads.com/@step1ne_jacky/post/DcTbvSAjluf,2296,10,2,0,0,posted,54,
未發布（drafted）,2026-08-21 21:15,Phoebe,LinkedIn,BIM 工程師（無經驗可・正職）,,,,,0,0,drafted,60,
未發布（drafted）,2026-08-21 21:15,EYLISE,LinkedIn,BIM 工程師（無經驗可・正職）,,,,,0,0,drafted,59,
未發布（drafted）,2026-08-21 21:15,Jacky,LinkedIn,BIM 工程師（無經驗可・正職）,,,,,0,0,drafted,58,
未發布（expired）,2026-08-21 21:15,DR,Threads,BIM 工程師（無經驗可・正職）,,,,,0,0,expired,57,
未發布（blocked_compliance）,2026-08-21 19:05,Phoebe,LinkedIn,BIM 工程師（無經驗可・正職）,,,,,0,0,blocked_compliance,53,
未發布（blocked_compliance）,2026-08-21 19:05,EYLISE,LinkedIn,BIM 工程師（無經驗可・正職）,,,,,0,0,blocked_compliance,52,
未發布（blocked_compliance）,2026-08-21 19:05,Jacky,LinkedIn,BIM 工程師（無經驗可・正職）,,,,,0,0,blocked_compliance,51,
未發布（blocked_compliance）,2026-08-21 19:05,Phoebe,Threads,BIM 工程師（無經驗可・正職）,,,,,0,0,blocked_compliance,50,
未發布（blocked_compliance）,2026-08-21 19:05,Jacky,Threads,BIM 工程師（無經驗可・正職）,,,,,0,0,blocked_compliance,49,
未發布（deleted）,2026-08-21 17:30,Phoebe,Threads,BIM 工程師（無經驗可・正職）,,0,0,2,0,0,deleted,44,
未發布（deleted）,2026-08-21 17:24,Jacky,LinkedIn,BIM 工程師（無經驗可・正職）,,,,,0,0,deleted,46,
未發布（deleted）,2026-08-21 17:24,EYLISE,LinkedIn,BIM 工程師（無經驗可・正職）,,,,,2,0,deleted,47,
未發布（deleted）,2026-08-21 17:22,Phoebe,LinkedIn,BIM 工程師（無經驗可・正職）,,,,,4,0,deleted,48,
未發布（deleted）,2026-08-21 16:58,Jacky,Threads,BIM 工程師（無經驗可・正職）,,0,0,3,3,0,deleted,42,
未發布（blocked_compliance）,2026-08-21 16:52,DR,Threads,BIM 工程師（無經驗可・正職）,,,,,0,0,blocked_compliance,45,
未發布（blocked_compliance）,2026-08-21 16:52,EYLISE,Threads,BIM 工程師（無經驗可・正職）,,,,,0,0,blocked_compliance,43,
未發布（ready_manual）,2026-08-21 12:59,LINE 社群（手動發）,Threads,財務會計專員｜投資帳務・國營保險集團財務部（15個月專案）,,,,,0,0,ready_manual,41,
未發布（ready_manual）,2026-08-21 12:59,LINE 社群（手動發）,Threads,BIM 工程師（無經驗可・正職）,,,,,0,0,ready_manual,40,
✅ 已抓到成效,2026-08-20 13:30,Phoebe,Threads,財務會計專員｜投資帳務・國營保險集團財務部（15個月專案）,https://www.threads.com/@step1ne.phoebe/post/DcQAc6PCEJG,30,0,1,0,0,posted,39,
✅ 已抓到成效,2026-08-20 13:28,EYLISE,Threads,直播主,https://www.threads.com/@step1ne.jobs/post/DcQApogjNoo,338,1,3,1,0,posted,38,
✅ 已抓到成效,2026-08-20 13:27,Phoebe,Threads,VIP貴賓接待服務員,https://www.threads.com/@step1ne.phoebe/post/DcQAkWUioE_,27,0,2,0,0,posted,37,
✅ 已抓到成效,2026-08-20 13:05,Phoebe,Threads,VIP貴賓接待服務員,https://www.threads.com/@step1ne.phoebe/post/DcP-CEXgP5k,20,0,2,0,0,posted,36,
✅ 已抓到成效,2026-08-20 13:00,DR,Threads,VIP貴賓接待服務員,https://www.threads.com/@step1ne_tw/post/DcP79vWCDFX,1311,7,2,19,0,posted,33,
未發布（blocked）,2026-08-20 12:49,Phoebe,Threads,VIP貴賓接待服務員,,,,,0,0,blocked,35,
LinkedIn（無成效 API，正常）,2026-08-19 20:00,Jacky,LinkedIn,VIP貴賓接待服務員,https://www.linkedin.com/feed/update/urn:li:share:7495812046694031360,,,,1,0,posted,34,
未發布（deleted）,2026-08-19 19:54,Phoebe,Threads,VIP貴賓接待服務員,,31,0,2,0,0,deleted,32,
✅ 已抓到成效,2026-08-19 19:45,EYLISE,Threads,VIP貴賓接待服務員,https://www.threads.com/@step1ne.jobs/post/DcOGUo6CNUq,649,4,2,9,0,posted,31,
✅ 已抓到成效,2026-08-19 19:38,Jacky,Threads,VIP貴賓接待服務員,https://www.threads.com/@step1ne_jacky/post/DcOGP1rDY7v,475,2,1,7,0,posted,30,
LinkedIn（無成效 API，正常）,2026-08-19 13:12,Jacky,LinkedIn,財務會計專員｜投資帳務・國營保險集團財務部（15個月專案）,https://www.linkedin.com/feed/update/urn:li:share:7495709230356725760,,,,1,0,posted,29,
✅ 已抓到成效,2026-08-18 21:51,Jacky,Threads,財務會計專員｜投資帳務・國營保險集團財務部（15個月專案）,https://www.threads.com/@step1ne_jacky/post/DcLwycTjQKK,1614,2,2,0,0,posted,25,
✅ 已抓到成效,2026-08-18 15:43,DR,Threads,財務會計專員｜投資帳務・國營保險集團財務部（15個月專案）,https://www.threads.com/@step1ne_tw/post/DcLGqHSCmY9,1597,2,2,0,0,posted,28,
未發布（deleted）,2026-08-18 13:53,Phoebe,Threads,財務會計專員｜投資帳務・國營保險集團財務部（15個月專案）,,19,2,1,0,0,deleted,26,
未發布（drafted）,2026-08-18 13:49,EYLISE,Threads,財務會計專員｜投資帳務・國營保險集團財務部（15個月專案）,,,,,0,0,drafted,27,
✅ 已抓到成效,2026-08-18 13:45,EYLISE,Threads,雲端維運工程師,https://www.threads.com/@step1ne.jobs/post/DcK5Lyyl2FF,546,1,1,0,0,posted,23,
未發布（drafted）,2026-08-18 13:33,DR,Threads,雲端維運工程師,,,,,0,0,drafted,24,
未發布（drafted）,2026-08-18 13:23,Jacky,Threads,財務會計專員｜投資帳務・國營保險集團財務部（15個月專案）,,,,,0,0,drafted,22,
未發布（deleted）,2026-08-17 21:27,Phoebe,Threads,直播主,,,,,0,0,deleted,20,
✅ 已抓到成效,2026-08-17 21:11,DR,Threads,BIM 工程師（無經驗可・正職）,https://www.threads.com/@step1ne_tw/post/DcJHYLMkb_n,860,6,2,0,0,posted,2,
未發布（skipped）,2026-08-17 21:00,DR,Threads,總機接待,,,,,0,0,skipped,14,
未發布（skipped）,2026-08-17 20:58,Phoebe,Threads,產品助理,,,,,0,0,skipped,13,
未發布（skipped）,2026-08-17 20:57,EYLISE,Threads,集團資訊主管 Group IT Head,,,,,0,0,skipped,9,
✅ 已抓到成效,2026-08-17 20:54,Jacky,Threads,復健科診所護理師,https://www.threads.com/@step1ne_jacky/post/DcJFcuIilZU,917,3,1,0,0,posted,17,
❌ 漏抓（已過 523h）,2026-08-17 17:06,未指定,無帳號,日本白馬渡假村物業經理／資產營運經理,https://www.threads.com/@step1ne_jacky/post/DcI3cL7DTC_,,,,0,0,posted,21,
未發布（drafted）,2026-08-14 21:37,未指定,無帳號,遊戲客服專員（電話／文字客服）,,,,,0,0,drafted,8,
未發布（drafted）,2026-08-14 21:36,未指定,無帳號,前端開發工程師,,,,,0,0,drafted,7,
未發布（drafted）,2026-08-14 21:34,未指定,無帳號,餐飲品牌客服（電話與線上客服）,,,,,0,0,drafted,6,
未發布（drafted）,2026-08-14 21:33,未指定,無帳號,財務主管 Finance Controller,,,,,0,0,drafted,5,
未發布（drafted）,2026-08-14 21:32,未指定,無帳號,雲端維運工程師,,,,,0,0,drafted,4,
未發布（drafted）,2026-08-14 21:30,未指定,無帳號,營運發展主管 Business Operations Manager,,,,,0,0,drafted,3,
未發布（drafted）,2026-08-14 21:29,未指定,無帳號,後端開發工程師（.NET）,,,,,0,0,drafted,1,
未發布（drafted）,2026-08-14 21:14,未指定,無帳號,獵頭顧問（Recruitment Consultant）,,,,,0,0,drafted,19,
未發布（drafted）,2026-08-14 21:13,未指定,無帳號,品牌社群影音編輯｜Indian Motorcycle 台灣總代理,,,,,0,0,drafted,18,
未發布（drafted）,2026-08-14 21:11,未指定,無帳號,主管特助（日本長野白馬渡假勝地・常駐）,,,,,0,0,drafted,16,
未發布（drafted）,2026-08-14 21:10,未指定,無帳號,VIP貴賓接待服務員,,,,,0,0,drafted,15,
未發布（drafted）,2026-08-14 21:06,未指定,無帳號,金流客服,,,,,0,0,drafted,12,
未發布（drafted）,2026-08-14 21:05,未指定,無帳號,維運工程師,,,,,0,0,drafted,11,
未發布（drafted）,2026-08-14 21:04,未指定,無帳號,遊戲客服（早班／中班）,,,,,0,0,drafted,10,
