顧問,發布日,週起始日,月份,貼文種類,寫法類型,寫法公式,職缺／話題,備註,瀏覽,按讚,留言,網址
法蘭克,2026-09-07,2026-09-07,2026-09,📋 職缺文,對話討論型,身份切割,資深職業安全衛生工程師,已下架，沿用合併後的職缺,9313,122,12,https://www.threads.com/@franklee1369_/post/Dc-noIwjr9H
EYLISE,2026-08-24,2026-08-24,2026-08,📋 職缺文,原始格式,—,BIM 工程師（無經驗可・正職）,,7478,21,11,https://www.threads.com/@step1ne.jobs/post/Dca0N96jQsi
DR,2026-08-31,2026-08-31,2026-08,📋 職缺文,原始格式,—,主管特助（日本長野白馬渡假勝地・常駐）,,6341,28,5,https://www.threads.com/@step1ne_tw/post/DcsYA1CjgbD
DR,2026-08-31,2026-08-31,2026-08,📋 職缺文,原始格式,—,日本項目財務會計（Finance & Accounting／Project Controller）,,3934,21,3,https://www.threads.com/@step1ne_tw/post/Dcs2emHkVwA
DR,2026-09-02,2026-08-31,2026-09,📋 職缺文,原始格式,—,主管特助（日本長野白馬渡假勝地・常駐）,,3907,17,2,https://www.threads.com/@step1ne_tw/post/DcxYyfcDSFm
DR,2026-09-01,2026-08-31,2026-09,📋 職缺文,原始格式,—,VIP貴賓接待服務員（晚班）,,2891,10,8,https://www.threads.com/@step1ne_tw/post/DcvVWbrgJLG
DR,2026-08-28,2026-08-24,2026-08,📋 職缺文,原始格式,—,BIM 工程師,,2613,9,3,https://www.threads.com/@step1ne_tw/post/DclKFNVjeU0
EYLISE,2026-08-26,2026-08-24,2026-08,📋 職缺文,原始格式,—,財務會計專員｜投資帳務・國營保險集團財務部（15個月專案）,,2547,7,7,https://www.threads.com/@step1ne.jobs/post/DcftEC2APs2
Jacky,2026-08-21,2026-08-17,2026-08,📋 職缺文,原始格式,—,BIM 工程師（無經驗可・正職）,,2296,10,2,https://www.threads.com/@step1ne_jacky/post/DcTbvSAjluf
DR,2026-08-24,2026-08-24,2026-08,📋 職缺文,原始格式,—,資深職業安全衛生工程師,,2227,12,2,https://www.threads.com/@step1ne_tw/post/Dca-6bgDaLe
Bob,2026-09-02,2026-08-31,2026-09,📋 職缺文,未標記（顧問自己發的）,—,BIM 工程師,,2030,16,0,https://www.threads.com/@bobchang_share/post/Dcu8zNaE2JV
Bob,2026-09-04,2026-08-31,2026-09,📋 職缺文,對話討論型,數字反直覺,BIM 工程師,,1944,8,8,https://www.threads.com/@bobchang_share/post/Dc2lfkbjNaU
DR,2026-08-27,2026-08-24,2026-08,📋 職缺文,原始格式,—,日本白馬渡假村物業經理／資產營運經理,,1884,13,3,https://www.threads.com/@step1ne_tw/post/DcimN6zkXa5
Jacky,2026-08-18,2026-08-17,2026-08,📋 職缺文,原始格式,—,財務會計專員｜投資帳務・國營保險集團財務部（15個月專案）,,1614,2,2,https://www.threads.com/@step1ne_jacky/post/DcLwycTjQKK
DR,2026-08-18,2026-08-17,2026-08,📋 職缺文,原始格式,—,財務會計專員｜投資帳務・國營保險集團財務部（15個月專案）,,1597,2,2,https://www.threads.com/@step1ne_tw/post/DcLGqHSCmY9
EYLISE,2026-09-02,2026-08-31,2026-09,📋 職缺文,原始格式,—,日本項目財務會計（Finance & Accounting／Project Controller）,,1591,6,2,https://www.threads.com/@step1ne.jobs/post/DcxbC1ECEMc
EYLISE,2026-08-26,2026-08-24,2026-08,📋 職缺文,原始格式,—,日本白馬渡假村物業經理／資產營運經理,,1585,14,3,https://www.threads.com/@step1ne.jobs/post/DcgHZHdjSPn
DR,2026-08-26,2026-08-24,2026-08,📋 職缺文,原始格式,—,資深職業安全衛生工程師,,1519,4,2,https://www.threads.com/@step1ne_tw/post/DcgHG5bDX3P
Jacky,2026-08-25,2026-08-24,2026-08,📋 職缺文,原始格式,—,品牌社群影音編輯｜Indian Motorcycle 台灣總代理,,1428,9,2,https://www.threads.com/@step1ne_jacky/post/Dcc_kwtCphI
EYLISE,2026-08-27,2026-08-24,2026-08,📋 職缺文,原始格式,—,BIM 工程師,,1417,4,2,https://www.threads.com/@step1ne.jobs/post/DciuZ_WjTG5
EYLISE,2026-08-25,2026-08-24,2026-08,📋 職缺文,原始格式,—,VIP貴賓接待服務員,,1360,5,3,https://www.threads.com/@step1ne.jobs/post/DcdAeSaDtdR
法蘭克,2026-09-03,2026-08-31,2026-09,📋 職缺文,原始格式,—,培訓工程設計工程師,,1348,1,2,https://www.threads.com/@franklee1369_/post/Dc1G2a1Dq92
EYLISE,2026-08-28,2026-08-24,2026-08,📋 職缺文,原始格式,—,主管特助（日本長野白馬渡假勝地・常駐）,,1344,9,3,https://www.threads.com/@step1ne.jobs/post/DclJy7Gl3Fn
DR,2026-08-20,2026-08-17,2026-08,📋 職缺文,原始格式,—,VIP貴賓接待服務員,,1311,7,2,https://www.threads.com/@step1ne_tw/post/DcP79vWCDFX
Jacky,2026-09-01,2026-08-31,2026-09,📋 職缺文,原始格式,—,日本項目財務會計（Finance & Accounting／Project Controller）,,1299,10,4,https://www.threads.com/@step1ne_jacky/post/DcuvQwzgp3A
EYLISE,2026-09-01,2026-08-31,2026-09,📋 職缺文,原始格式,—,BIM 工程師,,1244,2,3,https://www.threads.com/@step1ne.jobs/post/DcuvWhaDGjK
法蘭克,2026-09-08,2026-09-07,2026-09,📋 職缺文,對話討論型,真實轉述,培訓工程設計工程師,,1222,8,0,https://www.threads.com/@franklee1369_/post/Dc_jQ-QDRhP
DR,2026-09-04,2026-08-31,2026-09,📋 職缺文,原始格式,—,資深半導體專案工程師,,1208,5,2,https://www.threads.com/@step1ne_tw/post/Dc2jn_FCtBj
Jacky,2026-08-31,2026-08-31,2026-08,📋 職缺文,原始格式,—,BIM 工程師,,1123,2,2,https://www.threads.com/@step1ne_jacky/post/DcsyRRxkRUk
Jacky,2026-08-28,2026-08-24,2026-08,📋 職缺文,原始格式,—,資深職業安全衛生工程師,,1039,0,2,https://www.threads.com/@step1ne_jacky/post/DclJ6X-jkHR
EYLISE,2026-08-31,2026-08-31,2026-08,📋 職缺文,原始格式,—,VIP貴賓接待服務員,,1029,2,2,https://www.threads.com/@step1ne.jobs/post/DcsbOqADpAl
EYLISE,2026-09-07,2026-09-07,2026-09,📋 職缺文,純CTA型,—,資深職業安全衛生工程師,已下架，沿用合併後的職缺,1023,7,7,https://www.threads.com/@step1ne.jobs/post/Dc-lDMgCucC
DR,2026-08-27,2026-08-24,2026-08,📋 職缺文,原始格式,—,資深工程設計工程師,,964,4,2,https://www.threads.com/@step1ne_tw/post/Dch-fPUjeL8
DR,2026-09-03,2026-08-31,2026-09,📋 職缺文,原始格式,—,復健科診所護理師,,926,3,2,https://www.threads.com/@step1ne_tw/post/Dc0LJI3iLST
Jacky,2026-08-17,2026-08-17,2026-08,📋 職缺文,原始格式,—,復健科診所護理師,,917,3,1,https://www.threads.com/@step1ne_jacky/post/DcJFcuIilZU
EYLISE,2026-08-31,2026-08-31,2026-08,📋 職缺文,原始格式,—,資深職業安全衛生工程師,,877,2,2,https://www.threads.com/@step1ne.jobs/post/DcsyD88jhFV
DR,2026-08-17,2026-08-17,2026-08,📋 職缺文,原始格式,—,BIM 工程師（無經驗可・正職）,,860,6,2,https://www.threads.com/@step1ne_tw/post/DcJHYLMkb_n
Jacky,2026-08-27,2026-08-24,2026-08,📋 職缺文,原始格式,—,資深半導體專案現場工程師,,834,2,2,https://www.threads.com/@step1ne_jacky/post/DcimmzhER-P
EYLISE,2026-08-28,2026-08-24,2026-08,📋 職缺文,原始格式,—,BIM 工程師,,755,4,2,https://www.threads.com/@step1ne.jobs/post/DckmYLDgGgf
Bob,2026-09-03,2026-08-31,2026-09,📋 職缺文,原始格式,—,復健科診所護理師,,701,3,0,https://www.threads.com/@bobchang_share/post/Dc1G801jppT
EYLISE,2026-09-07,2026-09-07,2026-09,📋 職缺文,原始格式,—,BIM 工程師,,662,2,1,https://www.threads.com/@step1ne.jobs/post/Dc-mlQXnOdu
DR,2026-08-26,2026-08-24,2026-08,📋 職缺文,原始格式,—,VIP貴賓接待服務員,,662,2,2,https://www.threads.com/@step1ne_tw/post/DcfoLDzAMZK
法蘭克,2026-09-02,2026-08-31,2026-09,📋 職缺文,未標記（顧問自己發的）,—,BIM 工程師,,659,1,1,https://www.threads.com/@franklee1369_/post/Dcx0YOiGcI1
EYLISE,2026-08-19,2026-08-17,2026-08,📋 職缺文,原始格式,—,VIP貴賓接待服務員,,649,4,2,https://www.threads.com/@step1ne.jobs/post/DcOGUo6CNUq
DR,2026-09-08,2026-09-07,2026-09,📋 職缺文,原始格式,—,BIM 工程師,,601,1,2,https://www.threads.com/@step1ne_tw/post/Dc_i_TMCNO1
EYLISE,2026-09-03,2026-08-31,2026-09,📋 職缺文,原始格式,—,pending-co_802bdd6b-9868182d,查不到職稱,591,2,3,https://www.threads.com/@step1ne.jobs/post/Dc1Gradjbkt
Dan H,2026-09-03,2026-08-31,2026-09,📋 職缺文,未標記（顧問自己發的）,—,BIM 工程師,,580,1,2,https://www.threads.com/@danh.headhunter/post/Dcz5gligYo9
Bob,2026-09-07,2026-09-07,2026-09,📋 職缺文,原始格式,—,培訓半導體專案工程師,,562,2,1,https://www.threads.com/@bobchang_share/post/Dc-mpgCHJKi
EYLISE,2026-08-18,2026-08-17,2026-08,📋 職缺文,原始格式,—,雲端維運工程師,,546,1,1,https://www.threads.com/@step1ne.jobs/post/DcK5Lyyl2FF
Jacky,2026-08-28,2026-08-24,2026-08,📋 職缺文,原始格式,—,資深職業安全衛生工程師,,507,0,2,https://www.threads.com/@step1ne_jacky/post/DckmdkEgArh
DR,2026-08-25,2026-08-24,2026-08,📋 職缺文,原始格式,—,直播主,,505,2,2,https://www.threads.com/@step1ne_tw/post/Dcc_zjVDefQ
Jacky,2026-09-03,2026-08-31,2026-09,📋 職缺文,原始格式,—,培訓半導體專案工程師,,489,2,1,https://www.threads.com/@step1ne_jacky/post/Dc037cTiL9d
Bob,2026-09-02,2026-08-31,2026-09,📋 職缺文,原始格式,—,品牌社群影音編輯｜Indian Motorcycle 台灣總代理,,481,3,7,https://www.threads.com/@bobchang_share/post/Dcxc2iRggUP
Jacky,2026-08-19,2026-08-17,2026-08,📋 職缺文,原始格式,—,VIP貴賓接待服務員,,475,2,1,https://www.threads.com/@step1ne_jacky/post/DcOGP1rDY7v
EYLISE,2026-09-02,2026-08-31,2026-09,📋 職缺文,原始格式,—,直播主,,471,1,3,https://www.threads.com/@step1ne.jobs/post/Dcx8Px8jOTU
法蘭克,2026-09-04,2026-08-31,2026-09,📋 職缺文,對話討論型,職缺包在觀察裡,培訓工程設計工程師,,433,0,2,https://www.threads.com/@franklee1369_/post/Dc2ly15CAfo
宥恩,2026-09-03,2026-08-31,2026-09,📋 職缺文,原始格式,—,資深工程設計工程師,,431,1,1,https://www.threads.com/@ann25817/post/Dc1Gys5DmRM
宥恩,2026-09-08,2026-09-07,2026-09,📋 職缺文,純CTA型,—,資深半導體專案工程師,,429,3,5,https://www.threads.com/@ann25817/post/Dc_jSgDDc2E
EYLISE,2026-09-08,2026-09-07,2026-09,📋 職缺文,純CTA型,—,VIP貴賓接待服務員,,421,2,3,https://www.threads.com/@step1ne.jobs/post/Dc_jHGCjKlj
Jacky,2026-09-03,2026-08-31,2026-09,📋 職缺文,原始格式,—,BIM 工程師,,415,0,1,https://www.threads.com/@step1ne_jacky/post/Dc1GvQyDi7x
Jacky,2026-09-07,2026-09-07,2026-09,📋 職缺文,純CTA型,—,培訓工程設計工程師,,412,3,3,https://www.threads.com/@step1ne_jacky/post/Dc-kh3GiIg2
Jacky,2026-09-02,2026-08-31,2026-09,📋 職缺文,原始格式,—,VIP貴賓接待服務員（晚班）,,407,0,2,https://www.threads.com/@step1ne_jacky/post/Dcxa7Uzir2T
DR,2026-09-03,2026-08-31,2026-09,📋 職缺文,原始格式,—,培訓半導體專案工程師,,396,2,2,https://www.threads.com/@step1ne_tw/post/Dc0qTjzCNZP
Jacky,2026-09-03,2026-08-31,2026-09,📋 職缺文,原始格式,—,主管特助（日本長野白馬渡假勝地・常駐）,,381,2,2,https://www.threads.com/@step1ne_jacky/post/Dcz38QgjEm2
宥恩,2026-09-02,2026-08-31,2026-09,📋 職缺文,未標記（顧問自己發的）,—,BIM 工程師,,376,0,1,https://www.threads.com/@ann25817/post/Dcxw8LKEx_d
宥恩,2026-09-07,2026-09-07,2026-09,📋 職缺文,對話討論型,真實轉述,資深職業安全衛生工程師,已下架，沿用合併後的職缺,348,2,5,https://www.threads.com/@ann25817/post/Dc-np4MDRX_
EYLISE,2026-08-20,2026-08-17,2026-08,📋 職缺文,原始格式,—,直播主,,338,1,3,https://www.threads.com/@step1ne.jobs/post/DcQApogjNoo
Jacky,2026-08-31,2026-08-31,2026-08,📋 職缺文,原始格式,—,資深工程設計工程師,,317,0,2,https://www.threads.com/@step1ne_jacky/post/DcsYMkzjT2U
EYLISE,2026-09-04,2026-08-31,2026-09,📋 職缺文,原始格式,—,培訓職業安全衛生工程師,,311,1,1,https://www.threads.com/@step1ne.jobs/post/Dc2lbYfiM3t
DR,2026-09-03,2026-08-31,2026-09,📋 職缺文,未標記（顧問自己發的）,—,BIM 工程師,,311,0,1,https://www.threads.com/@step1ne_tw/post/Dcz4X8pD325
Bob,2026-09-03,2026-08-31,2026-09,📋 職缺文,原始格式,—,直播主,,308,0,2,https://www.threads.com/@bobchang_share/post/Dcz7RMLiIoT
Bob,2026-09-08,2026-09-07,2026-09,📋 職缺文,對話討論型,數字反直覺,BIM 工程師,,294,0,0,https://www.threads.com/@bobchang_share/post/DdAyi1NiFcW
宥恩,2026-09-04,2026-08-31,2026-09,📋 職缺文,對話討論型,真實轉述,資深半導體專案工程師,,292,0,0,https://www.threads.com/@ann25817/post/Dc2l2YCiEYd
EYLISE,2026-08-24,2026-08-24,2026-08,📋 職缺文,原始格式,—,資深職業安全衛生工程師,,261,0,1,https://www.threads.com/@step1ne.jobs/post/DcbIxWjDLMe
Dan H,2026-09-04,2026-08-31,2026-09,📋 職缺文,純CTA型,—,培訓半導體專案工程師,,249,0,0,https://www.threads.com/@danh.headhunter/post/Dc2lwXjCEtq
Dan H,2026-09-08,2026-09-07,2026-09,📋 職缺文,純CTA型,—,BIM 工程師,,243,0,1,https://www.threads.com/@danh.headhunter/post/Dc_jNc3DUOB
Anna,2026-09-02,2026-08-31,2026-09,📋 職缺文,原始格式,—,BIM 工程師,,229,0,1,https://www.threads.com/@step1ne_anna/post/Dcxmf3ZAkc4
Jacky,2026-09-08,2026-09-07,2026-09,📋 職缺文,純CTA型,—,資深職業安全衛生工程師,已下架，沿用合併後的職缺,184,0,2,https://www.threads.com/@step1ne_jacky/post/DdAxh1ajHxT
Anna,2026-09-03,2026-08-31,2026-09,📋 職缺文,未標記（顧問自己發的）,—,主管特助（日本長野白馬渡假勝地・常駐）,,139,1,4,https://www.threads.com/@step1ne_anna/post/Dc0zO-gE2O0
Phoebe,2026-08-24,2026-08-24,2026-08,📋 職缺文,原始格式,—,BIM 工程師（無經驗可・正職）,,129,1,3,https://www.threads.com/@step1ne.phoebe/post/Dca-_1XEXbm
EYLISE,2026-09-08,2026-09-07,2026-09,📋 職缺文,純CTA型,—,日本項目財務會計（Finance & Accounting／Project Controller）,,118,1,1,https://www.threads.com/@step1ne.jobs/post/DdAxmbeiMTh
Anna,2026-09-03,2026-08-31,2026-09,📋 職缺文,原始格式,—,pending-co_802bdd6b-9868182d,查不到職稱,109,1,3,https://www.threads.com/@step1ne_anna/post/Dcz5tiiCqdP
Phoebe,2026-08-28,2026-08-24,2026-08,📋 職缺文,原始格式,—,日本白馬渡假村物業經理／資產營運經理,,107,2,2,https://www.threads.com/@step1ne.phoebe/post/DckmiUICEPT
Phoebe,2026-09-04,2026-08-31,2026-09,📋 職缺文,原始格式,—,BIM 工程師,,88,2,4,https://www.threads.com/@step1ne.phoebe/post/Dc2j5gUDeMC
Phoebe,2026-08-27,2026-08-24,2026-08,📋 職缺文,原始格式,—,資深職業安全衛生工程師,,86,0,2,https://www.threads.com/@step1ne.phoebe/post/Dch-XyqAEPG
Phoebe,2026-09-01,2026-08-31,2026-09,📋 職缺文,原始格式,—,主管特助（日本長野白馬渡假勝地・常駐）,,78,0,2,https://www.threads.com/@step1ne.phoebe/post/DcuvJYtgmd2
Phoebe,2026-08-26,2026-08-24,2026-08,📋 職缺文,原始格式,—,資深半導體專案現場工程師,,73,1,3,https://www.threads.com/@step1ne.phoebe/post/DcgHAGvDuNN
Phoebe,2026-09-07,2026-09-07,2026-09,📋 職缺文,原始格式,—,培訓工程設計工程師,,68,1,1,https://www.threads.com/@step1ne.phoebe/post/Dc-gkwTknDg
Phoebe,2026-08-28,2026-08-24,2026-08,📋 職缺文,原始格式,—,資深工程設計工程師,,65,2,2,https://www.threads.com/@step1ne.phoebe/post/DclJ-xrDTFm
Phoebe,2026-09-02,2026-08-31,2026-09,📋 職缺文,原始格式,—,日本項目財務會計（Finance & Accounting／Project Controller）,,61,0,2,https://www.threads.com/@step1ne.phoebe/post/DcxaAM2ioaI
Phoebe,2026-08-27,2026-08-24,2026-08,📋 職缺文,原始格式,—,資深工程設計工程師,,57,1,2,https://www.threads.com/@step1ne.phoebe/post/DcimgEKkS1L
Phoebe,2026-09-03,2026-08-31,2026-09,話題文（未分類）,未標記（顧問自己發的）,—,職場面試,,56,1,0,https://www.threads.com/@step1ne.phoebe/post/Dcz768QkjNU
Anna,2026-09-04,2026-08-31,2026-09,📋 職缺文,對話討論型,轉職路徑,日本項目財務會計（Finance & Accounting／Project Controller）,,50,0,0,https://www.threads.com/@step1ne_anna/post/Dc3BuhODVfn
Phoebe,2026-08-25,2026-08-24,2026-08,📋 職缺文,原始格式,—,復健科診所護理師,,45,1,2,https://www.threads.com/@step1ne.phoebe/post/Dcc_sJqjbNF
Phoebe,2026-09-03,2026-08-31,2026-09,話題文（未分類）,未標記（顧問自己發的）,—,遠端職缺,,39,0,2,https://www.threads.com/@step1ne.phoebe/post/Dc04kOwEuTH
Bob,2026-09-08,2026-09-07,2026-09,📋 職缺文,純CTA型,—,資深職業安全衛生工程師,已下架，沿用合併後的職缺,36,0,1,https://www.threads.com/@bobchang_share/post/Dc_jKSWjZtV
Dan H,2026-09-07,2026-09-07,2026-09,📋 職缺文,純CTA型,—,培訓工程設計工程師,,33,0,1,https://www.threads.com/@danh.headhunter/post/Dc-m83XikF6
Phoebe,2026-09-01,2026-08-31,2026-09,📋 職缺文,原始格式,—,復健科診所護理師,,32,0,2,https://www.threads.com/@step1ne.phoebe/post/DcvVc7qDAjk
Phoebe,2026-08-20,2026-08-17,2026-08,📋 職缺文,原始格式,—,財務會計專員｜投資帳務・國營保險集團財務部（15個月專案）,,30,0,1,https://www.threads.com/@step1ne.phoebe/post/DcQAc6PCEJG
Phoebe,2026-08-20,2026-08-17,2026-08,📋 職缺文,原始格式,—,VIP貴賓接待服務員,,27,0,2,https://www.threads.com/@step1ne.phoebe/post/DcQAkWUioE_
DR,2026-09-08,2026-09-07,2026-09,📋 職缺文,純CTA型,—,資深工程設計工程師,,26,1,1,https://www.threads.com/@step1ne_tw/post/DdAwCR8iECp
Phoebe,2026-08-20,2026-08-17,2026-08,📋 職缺文,原始格式,—,VIP貴賓接待服務員,,20,0,2,https://www.threads.com/@step1ne.phoebe/post/DcP-CEXgP5k
Anna,2026-09-08,2026-09-07,2026-09,📋 職缺文,原始格式,—,日本白馬渡假村物業經理／資產營運經理,,10,0,1,https://www.threads.com/@step1ne_anna/post/DdAyLQZF0Eq
Phoebe,2026-09-08,2026-09-07,2026-09,💼 通用文,未標記,—,104人資FBI報告：企業平均花44.9天才找到一人，新人卻只有62.2%撐過半年，招募三大難題浮上檯面,,5,0,1,https://www.threads.com/@step1ne.phoebe/post/DdAxrUdCG-h
法蘭克,2026-09-08,2026-09-07,2026-09,📋 職缺文,對話討論型,真實轉述,培訓半導體專案工程師,,0,0,0,https://www.threads.com/@franklee1369_/post/DdA0jRIjU5n
Dan H,2026-09-08,2026-09-07,2026-09,📋 職缺文,純CTA型,—,資深職業安全衛生工程師,已下架，沿用合併後的職缺,0,0,0,https://www.threads.com/@danh.headhunter/post/DdA0deLCrtK
Anna,2026-09-08,2026-09-07,2026-09,📋 職缺文,對話討論型,轉職路徑,日本白馬渡假村物業經理／資產營運經理,,0,0,0,https://www.threads.com/@step1ne_anna/post/DdA0bKGCnlY
Phoebe,2026-09-07,2026-09-07,2026-09,📋 職缺文,未標記（顧問自己發的）,—,培訓工程設計工程師,,0,0,0,https://www.threads.com/share/BBZi4yr43Z/
未指定,2026-08-26,2026-08-24,2026-08,📋 職缺文,原始格式,—,資深半導體專案現場工程師,,0,0,2,https://www.threads.com/@step1ne_jacky/post/DcfviJqEXGo
Jacky,2026-08-17,2026-08-17,2026-08,📋 職缺文,原始格式,—,日本白馬渡假村物業經理／資產營運經理,,0,0,0,https://www.threads.com/@step1ne_jacky/post/DcI3cL7DTC_
